公司代码,简称,最新行情时间,最新价格（港元）,当前涨跌幅,昨日涨跌幅,周涨跌幅,5日涨跌幅,月涨跌幅,上市至今涨跌幅
03308,中际旭创,2026-10-02 16:08:07,1072.0,0.94%,0.94%,-8.45%,-8.69%,0.94%,9.39%
02475,立讯精密,2026-10-02 16:08:07,52.95,-1.12%,-1.12%,-5.53%,-6.70%,-1.12%,-16.32%
02476,胜宏科技,2026-10-02 16:08:07,195.1,-1.22%,-1.22%,-9.68%,-10.42%,-1.22%,-7.04%
09856,纳真科技,2026-10-02 16:08:07,33.02,-1.90%,-1.90%,-9.43%,-11.95%,-1.90%,0.18%
03268,美格智能,2026-10-02 16:08:07,17.5,-2.07%,-2.07%,-3.47%,-6.62%,-2.07%,-39.36%
09630,芯碁微装,2026-10-02 16:08:07,320.0,-2.14%,-2.14%,-8.31%,-8.36%,-2.14%,26.62%
06951,三环集团,2026-10-02 16:08:07,124.1,-2.90%,-2.90%,-4.46%,-7.11%,-2.90%,23.73%
03228,景旺电子,2026-10-02 16:08:07,74.4,-3.19%,-3.19%,,,-3.19%,6.47%
01768,鸣鸣很忙,2026-10-02 16:08:07,344.2,-5.02%,-5.02%,-2.05%,-3.31%,-5.02%,45.48%
