公司名称,备案通知书日期,公开发布日期,当前分类,官方通知书
晶晨半导体（上海）股份有限公司,2026-08-24,2026-09-30,监控名单内；未匹配上市证券,https://www.csrc.gov.cn/csrc/c105984/c7662532/content.shtml
常州微亿智造科技股份有限公司,2026-08-24,2026-09-18,监控名单内；未匹配上市证券,https://www.csrc.gov.cn/csrc/c105984/c7659699/content.shtml
江苏芯德半导体科技股份有限公司,2026-08-20,2026-09-18,监控名单内；未匹配上市证券,https://www.csrc.gov.cn/csrc/c105984/c7659693/content.shtml
广州天赐高新材料股份有限公司,2026-08-18,2026-09-11,监控名单内；未匹配上市证券,https://www.csrc.gov.cn/csrc/c105984/c7658235/content.shtml
珠海一微科技股份有限公司,2026-08-18,2026-09-11,监控名单内；未匹配上市证券,https://www.csrc.gov.cn/csrc/c105984/c7658224/content.shtml
武汉滨会生物科技股份有限公司,2026-08-18,2026-09-04,监控名单内；未匹配上市证券,https://www.csrc.gov.cn/csrc/c105984/c7656794/content.shtml
无锡车联天下智能科技股份有限公司,2026-08-13,2026-09-04,监控名单内；未匹配上市证券,https://www.csrc.gov.cn/csrc/c105984/c7656792/content.shtml
深圳市绿联科技股份有限公司,2026-07-31,2026-08-21,监控名单内；未匹配上市证券,https://www.csrc.gov.cn/csrc/c105984/c7653696/content.shtml
湖南军信环保股份有限公司,2026-07-31,2026-08-14,监控名单内；未匹配上市证券,https://www.csrc.gov.cn/csrc/c105984/c7652318/content.shtml
深圳传音控股股份有限公司,2026-07-30,2026-08-14,监控名单内；未匹配上市证券,https://www.csrc.gov.cn/csrc/c105984/c7652304/content.shtml
广东奥迪威传感科技股份有限公司,2026-07-16,2026-08-07,监控名单内；未匹配上市证券,https://www.csrc.gov.cn/csrc/c105984/c7650819/content.shtml
赣州和美药业股份有限公司,2026-07-08,2026-07-31,监控名单内；未匹配上市证券,https://www.csrc.gov.cn/csrc/c105984/c7649159/content.shtml
浙江涛涛车业股份有限公司,2026-07-08,2026-07-24,监控名单内；未匹配上市证券,https://www.csrc.gov.cn/csrc/c105984/c7647432/content.shtml
江苏瘦西湖文化旅游股份有限公司,2026-07-03,2026-07-24,监控名单内；未匹配上市证券,https://www.csrc.gov.cn/csrc/c105984/c7647428/content.shtml
臻驱科技（上海）股份有限公司,2026-07-01,2026-07-24,监控名单内；未匹配上市证券,https://www.csrc.gov.cn/csrc/c105984/c7647419/content.shtml
袁记食品集团股份有限公司,2026-06-27,2026-07-17,监控名单内；未匹配上市证券,https://www.csrc.gov.cn/csrc/c105984/c7646060/content.shtml
深圳市远信储能技术股份有限公司,2026-06-27,2026-07-17,监控名单内；未匹配上市证券,https://www.csrc.gov.cn/csrc/c105984/c7646041/content.shtml
安徽希磁科技股份有限公司,2026-06-27,2026-07-10,监控名单内；未匹配上市证券,https://www.csrc.gov.cn/csrc/c105984/c7644805/content.shtml
镇江贝斯特新材料股份有限公司,2026-06-22,2026-07-10,监控名单内；未匹配上市证券,https://www.csrc.gov.cn/csrc/c105984/c7644796/content.shtml
宁波菲仕技术股份有限公司,2026-06-22,2026-07-03,监控名单内；未匹配上市证券,https://www.csrc.gov.cn/csrc/c105984/c7643284/content.shtml
深圳四方精创资讯股份有限公司,2026-06-22,2026-07-03,监控名单内；未匹配上市证券,https://www.csrc.gov.cn/csrc/c105984/c7643241/content.shtml
北京奕斯伟计算技术股份有限公司,2026-06-04,2026-06-18,监控名单内；未匹配上市证券,https://www.csrc.gov.cn/csrc/c105984/c7640217/content.shtml
浙江时迈药业股份有限公司,2026-05-27,2026-06-05,监控名单内；未匹配上市证券,https://www.csrc.gov.cn/csrc/c105984/c7637399/content.shtml
坦博尔集团股份有限公司,2026-05-27,2026-06-05,监控名单内；未匹配上市证券,https://www.csrc.gov.cn/csrc/c105984/c7637393/content.shtml
山推工程机械股份有限公司,2026-05-25,2026-05-29,监控名单内；未匹配上市证券,https://www.csrc.gov.cn/csrc/c105984/c7635869/content.shtml
瑶芯微（上海）电子科技股份有限公司,2026-05-22,2026-06-05,监控名单内；未匹配上市证券,https://www.csrc.gov.cn/csrc/c105984/c7637385/content.shtml
广州豪特节能环保科技股份有限公司,2026-04-30,2026-05-09,监控名单内；未匹配上市证券,https://www.csrc.gov.cn/csrc/c105984/c7631508/content.shtml
深圳市汉森软件股份有限公司,2026-04-24,2026-04-30,监控名单内；未匹配上市证券,https://www.csrc.gov.cn/csrc/c105984/c7630046/content.shtml
四川新荷花中药饮片股份有限公司,2026-04-15,2026-04-24,监控名单内；未匹配上市证券,https://www.csrc.gov.cn/csrc/c105984/c7628409/content.shtml
首创证券股份有限公司,2026-04-09,2026-04-17,监控名单内；未匹配上市证券,https://www.csrc.gov.cn/csrc/c105984/c7626843/content.shtml
双林股份有限公司,2026-03-16,2026-03-23,监控名单内；未匹配上市证券,https://www.csrc.gov.cn/csrc/c105984/c7621606/content.shtml
上海哥瑞利软件股份有限公司,2026-01-30,2026-02-14,监控名单内；未匹配上市证券,https://www.csrc.gov.cn/csrc/c105984/c7616058/content.shtml
深圳承泰科技股份有限公司,2026-01-29,2026-02-06,监控名单内；未匹配上市证券,https://www.csrc.gov.cn/csrc/c105984/c7614302/content.shtml
深圳创智芯联科技股份有限公司,2025-12-08,2025-12-09,监控名单内；未匹配上市证券,https://www.csrc.gov.cn/csrc/c105984/c7600645/content.shtml
四川百利天恒药业股份有限公司,2024-12-11,2024-12-12,监控名单内；未匹配上市证券,https://www.csrc.gov.cn/csrc/c105984/c7524373/content.shtml
北京圆心科技集团股份有限公司,2023-07-24,2023-07-26,监控名单内；未匹配上市证券,https://www.csrc.gov.cn/csrc/c105984/c7422137/content.shtml
广东真健康医疗科技开发股份有限公司,2026-05-19,2026-05-29,匹配上市证券；已排除,https://www.csrc.gov.cn/csrc/c105984/c7635851/content.shtml
深圳市欢创科技股份有限公司,2026-08-24,2026-09-30,名单外；上市状态待核实,https://www.csrc.gov.cn/csrc/c105984/c7662526/content.shtml
苏州引航生物科技股份有限公司,2026-08-12,2026-08-28,名单外；上市状态待核实,https://www.csrc.gov.cn/csrc/c105984/c7655176/content.shtml
彤程新材料集团股份有限公司,2026-08-04,2026-08-28,名单外；上市状态待核实,https://www.csrc.gov.cn/csrc/c105984/c7655163/content.shtml
"Ligent Technologies, Inc.（纳真科技公司）",2026-08-04,2026-08-21,名单外；上市状态待核实,https://www.csrc.gov.cn/csrc/c105984/c7653751/content.shtml
梅卡曼德（雄安）机器人科技股份有限公司,2026-07-16,2026-08-07,名单外；上市状态待核实,https://www.csrc.gov.cn/csrc/c105984/c7650802/content.shtml
维达力科技股份有限公司,2026-07-08,2026-07-31,名单外；上市状态待核实,https://www.csrc.gov.cn/csrc/c105984/c7649175/content.shtml
中际旭创股份有限公司,2026-07-08,2026-07-17,名单外；上市状态待核实,https://www.csrc.gov.cn/csrc/c105984/c7646095/content.shtml
SHEIN Global Holdings Limited（希音国际控股有限公司）,2026-07-10,2026-07-10,名单外；上市状态待核实,https://www.csrc.gov.cn/csrc/c105984/c7644823/content.shtml
北京君正集成电路股份有限公司,2026-06-22,2026-07-03,名单外；上市状态待核实,https://www.csrc.gov.cn/csrc/c105984/c7643279/content.shtml
深圳市景旺电子股份有限公司,2026-06-22,2026-06-26,名单外；上市状态待核实,https://www.csrc.gov.cn/csrc/c105984/c7641697/content.shtml
罗博特科智能科技股份有限公司,2026-06-22,2026-06-26,名单外；上市状态待核实,https://www.csrc.gov.cn/csrc/c105984/c7641615/content.shtml
本末动力（北京）科技股份有限公司,2026-06-04,2026-06-26,名单外；上市状态待核实,https://www.csrc.gov.cn/csrc/c105984/c7641605/content.shtml
MOMENTA GLOBAL LIMITED（ 梦腾智驾环球有限公司）,2026-06-10,2026-06-18,名单外；上市状态待核实,https://www.csrc.gov.cn/csrc/c105984/c7640253/content.shtml
立讯精密工业股份有限公司,2026-06-05,2026-06-18,名单外；上市状态待核实,https://www.csrc.gov.cn/csrc/c105984/c7640234/content.shtml
星环信息科技（上海）股份有限公司,2026-06-08,2026-06-18,名单外；上市状态待核实,https://www.csrc.gov.cn/csrc/c105984/c7640221/content.shtml
北京海光芯正科技股份有限公司,2026-06-01,2026-06-12,名单外；上市状态待核实,https://www.csrc.gov.cn/csrc/c105984/c7638869/content.shtml
潮州三环（集团）股份有限公司,2026-06-01,2026-06-12,名单外；上市状态待核实,https://www.csrc.gov.cn/csrc/c105984/c7638864/content.shtml
安克创新科技股份有限公司,2026-06-01,2026-06-12,名单外；上市状态待核实,https://www.csrc.gov.cn/csrc/c105984/c7638862/content.shtml
易控智驾科技股份有限公司,2026-05-25,2026-05-29,名单外；上市状态待核实,https://www.csrc.gov.cn/csrc/c105984/c7635867/content.shtml
浙江来福谐波传动股份有限公司,2026-05-19,2026-05-29,名单外；上市状态待核实,https://www.csrc.gov.cn/csrc/c105984/c7635865/content.shtml
杭州千岛湖鲟龙科技股份有限公司,2026-05-19,2026-05-22,名单外；上市状态待核实,https://www.csrc.gov.cn/csrc/c105984/c7634519/content.shtml
合肥晶合集成电路股份有限公司,2026-05-19,2026-05-22,名单外；上市状态待核实,https://www.csrc.gov.cn/csrc/c105984/c7634515/content.shtml
广东领益智造股份有限公司,2026-05-19,2026-05-22,名单外；上市状态待核实,https://www.csrc.gov.cn/csrc/c105984/c7634506/content.shtml
上海睿触机器人股份有限公司,2026-05-14,2026-05-22,名单外；上市状态待核实,https://www.csrc.gov.cn/csrc/c105984/c7634504/content.shtml
江西齐云山食品股份有限公司,2026-05-12,2026-05-15,名单外；上市状态待核实,https://www.csrc.gov.cn/csrc/c105984/c7633031/content.shtml
上海仙工智能科技股份有限公司,2026-05-11,2026-05-15,名单外；上市状态待核实,https://www.csrc.gov.cn/csrc/c105984/c7633029/content.shtml
厦门瑞为信息技术股份有限公司,2026-05-11,2026-05-15,名单外；上市状态待核实,https://www.csrc.gov.cn/csrc/c105984/c7633027/content.shtml
广东鼎泰高科技术股份有限公司,2026-05-11,2026-05-15,名单外；上市状态待核实,https://www.csrc.gov.cn/csrc/c105984/c7633025/content.shtml
华健未来（成都）科技股份有限公司,2026-04-23,2026-05-09,名单外；上市状态待核实,https://www.csrc.gov.cn/csrc/c105984/c7631506/content.shtml
南京海纳医药科技股份有限公司,2026-04-23,2026-05-09,名单外；上市状态待核实,https://www.csrc.gov.cn/csrc/c105984/c7631504/content.shtml
礼邦医药（江苏）股份有限公司,2026-04-24,2026-04-30,名单外；上市状态待核实,https://www.csrc.gov.cn/csrc/c105984/c7630038/content.shtml
江西生物制品研究所股份有限公司,2026-04-24,2026-04-30,名单外；上市状态待核实,https://www.csrc.gov.cn/csrc/c105984/c7630032/content.shtml
滨化集团股份有限公司,2026-04-17,2026-04-24,名单外；上市状态待核实,https://www.csrc.gov.cn/csrc/c105984/c7628414/content.shtml
天辰生物医药（苏州）股份有限公司,2026-04-15,2026-04-24,名单外；上市状态待核实,https://www.csrc.gov.cn/csrc/c105984/c7628412/content.shtml
深圳市星源材质科技股份有限公司,2026-04-09,2026-04-17,名单外；上市状态待核实,https://www.csrc.gov.cn/csrc/c105984/c7626846/content.shtml
拿森智能科技（浙江）股份有限公司,2026-04-09,2026-04-17,名单外；上市状态待核实,https://www.csrc.gov.cn/csrc/c105984/c7626838/content.shtml
厦门科拓通讯技术股份有限公司,2026-04-02,2026-04-17,名单外；上市状态待核实,https://www.csrc.gov.cn/csrc/c105984/c7626829/content.shtml
上海拓璞数控科技股份有限公司,2026-04-02,2026-04-17,名单外；上市状态待核实,https://www.csrc.gov.cn/csrc/c105984/c7626815/content.shtml
安徽华恒生物科技股份有限公司,2026-03-27,2026-04-10,名单外；上市状态待核实,https://www.csrc.gov.cn/csrc/c105984/c7625515/content.shtml
陕西麦科奥特医药科技股份有限公司,2026-03-27,2026-04-10,名单外；上市状态待核实,https://www.csrc.gov.cn/csrc/c105984/c7625509/content.shtml
大金重工股份有限公司,2026-03-27,2026-04-10,名单外；上市状态待核实,https://www.csrc.gov.cn/csrc/c105984/c7625503/content.shtml
圣邦微电子（北京）股份有限公司,2026-03-26,2026-04-10,名单外；上市状态待核实,https://www.csrc.gov.cn/csrc/c105984/c7625498/content.shtml
北京中科闻歌科技股份有限公司,2026-03-24,2026-04-10,名单外；上市状态待核实,https://www.csrc.gov.cn/csrc/c105984/c7625456/content.shtml
珞石（山东）机器人集团股份有限公司,2026-03-26,2026-03-30,名单外；上市状态待核实,https://www.csrc.gov.cn/csrc/c105984/c7622930/content.shtml
南京英派药业股份有限公司,2026-03-26,2026-03-30,名单外；上市状态待核实,https://www.csrc.gov.cn/csrc/c105984/c7622928/content.shtml
上海曦智科技股份有限公司,2026-03-24,2026-03-30,名单外；上市状态待核实,https://www.csrc.gov.cn/csrc/c105984/c7622921/content.shtml
云英谷科技股份有限公司,2026-03-23,2026-03-30,名单外；上市状态待核实,https://www.csrc.gov.cn/csrc/c105984/c7622918/content.shtml
浙江东方科脉电子股份有限公司,2026-03-23,2026-03-30,名单外；上市状态待核实,https://www.csrc.gov.cn/csrc/c105984/c7622916/content.shtml
剂泰科技（北京）股份有限公司,2026-03-17,2026-03-23,名单外；上市状态待核实,https://www.csrc.gov.cn/csrc/c105984/c7621608/content.shtml
山东宝盖新材料科技股份有限公司,2026-03-10,2026-03-23,名单外；上市状态待核实,https://www.csrc.gov.cn/csrc/c105984/c7621604/content.shtml
长春长光辰芯微电子股份有限公司,2026-03-10,2026-03-13,名单外；上市状态待核实,https://www.csrc.gov.cn/csrc/c105984/c7619959/content.shtml
浙江翼菲智能科技股份有限公司,2026-03-10,2026-03-13,名单外；上市状态待核实,https://www.csrc.gov.cn/csrc/c105984/c7619956/content.shtml
思格新能源（上海）股份有限公司,2026-03-06,2026-03-13,名单外；上市状态待核实,https://www.csrc.gov.cn/csrc/c105984/c7619941/content.shtml
广东华沿机器人股份有限公司,2026-02-14,2026-03-13,名单外；上市状态待核实,https://www.csrc.gov.cn/csrc/c105984/c7619938/content.shtml
上海傅里叶半导体股份有限公司,2026-02-06,2026-03-13,名单外；上市状态待核实,https://www.csrc.gov.cn/csrc/c105984/c7619928/content.shtml
可孚医疗科技股份有限公司,2026-02-28,2026-03-06,名单外；上市状态待核实,https://www.csrc.gov.cn/csrc/c105984/c7618614/content.shtml
胜宏科技（惠州）股份有限公司,2026-03-06,2026-03-06,名单外；上市状态待核实,https://www.csrc.gov.cn/csrc/c105984/c7618604/content.shtml
深圳麦科田生物医疗技术股份有限公司,2026-02-13,2026-03-06,名单外；上市状态待核实,https://www.csrc.gov.cn/csrc/c105984/c7618599/content.shtml
北京深演智能科技股份有限公司,2026-02-13,2026-03-06,名单外；上市状态待核实,https://www.csrc.gov.cn/csrc/c105984/c7618592/content.shtml
普源精电科技股份有限公司,2026-02-25,2026-03-06,名单外；上市状态待核实,https://www.csrc.gov.cn/csrc/c105984/c7618590/content.shtml
深圳乐动机器人股份有限公司,2026-02-14,2026-03-06,名单外；上市状态待核实,https://www.csrc.gov.cn/csrc/c105984/c7618586/content.shtml
深圳市创想三维科技股份有限公司,2026-02-12,2026-02-14,名单外；上市状态待核实,https://www.csrc.gov.cn/csrc/c105984/c7616072/content.shtml
Manycore Tech Inc.（群核科技）,2026-02-12,2026-02-14,名单外；上市状态待核实,https://www.csrc.gov.cn/csrc/c105984/c7616070/content.shtml
北京天星医疗股份有限公司,2026-02-04,2026-02-14,名单外；上市状态待核实,https://www.csrc.gov.cn/csrc/c105984/c7618631/content.shtml
琻捷电子科技（江苏）股份有限公司,2026-01-30,2026-02-14,名单外；上市状态待核实,https://www.csrc.gov.cn/csrc/c105984/c7616068/content.shtml
深圳海清智元科技股份有限公司,2026-01-30,2026-02-14,名单外；上市状态待核实,https://www.csrc.gov.cn/csrc/c105984/c7616061/content.shtml
杭州铜师傅文创（集团）股份有限公司,2026-02-04,2026-02-06,名单外；上市状态待核实,https://www.csrc.gov.cn/csrc/c105984/c7614307/content.shtml
丹诺医药（苏州）股份有限公司,2026-01-30,2026-02-06,名单外；上市状态待核实,https://www.csrc.gov.cn/csrc/c105984/c7614305/content.shtml
合肥芯碁微电子装备股份有限公司,2026-01-30,2026-02-06,名单外；上市状态待核实,https://www.csrc.gov.cn/csrc/c105984/c7614300/content.shtml
瀚天天成电子科技（厦门）股份有限公司,2026-01-30,2026-02-06,名单外；上市状态待核实,https://www.csrc.gov.cn/csrc/c105984/c7614298/content.shtml
浙江凯乐士科技集团股份有限公司,2026-01-29,2026-01-30,名单外；上市状态待核实,https://www.csrc.gov.cn/csrc/c105984/c7621602/content.shtml
深圳市华曦达科技股份有限公司,2026-01-23,2026-01-28,名单外；上市状态待核实,https://www.csrc.gov.cn/csrc/c105984/c7611781/content.shtml
深圳市飞速创新技术股份有限公司,2026-01-23,2026-01-28,名单外；上市状态待核实,https://www.csrc.gov.cn/csrc/c105984/c7611778/content.shtml
华勤技术股份有限公司,2026-01-22,2026-01-28,名单外；上市状态待核实,https://www.csrc.gov.cn/csrc/c105984/c7611776/content.shtml
广州广合科技股份有限公司,2026-01-16,2026-01-28,名单外；上市状态待核实,https://www.csrc.gov.cn/csrc/c105984/c7611769/content.shtml
爱芯元智半导体股份有限公司,2026-01-06,2026-01-28,名单外；上市状态待核实,https://www.csrc.gov.cn/csrc/c105984/c7611787/content.shtml
山东极视角科技股份有限公司,2026-01-14,2026-01-21,名单外；上市状态待核实,https://www.csrc.gov.cn/csrc/c105984/c7610338/content.shtml
无锡先导智能装备股份有限公司,2025-12-31,2026-01-21,名单外；上市状态待核实,https://www.csrc.gov.cn/csrc/c105984/c7610336/content.shtml
上海商米科技集团股份有限公司,2025-12-24,2026-01-05,名单外；上市状态待核实,https://www.csrc.gov.cn/csrc/c105984/c7606682/content.shtml
北京石头世纪科技股份有限公司,2025-12-24,2026-01-05,名单外；上市状态待核实,https://www.csrc.gov.cn/csrc/c105984/c7606680/content.shtml
杭州德适生物科技股份有限公司,2025-12-24,2026-01-05,名单外；上市状态待核实,https://www.csrc.gov.cn/csrc/c105984/c7606678/content.shtml
驭势科技（北京）股份有限公司,2025-12-22,2026-01-05,名单外；上市状态待核实,https://www.csrc.gov.cn/csrc/c105984/c7606676/content.shtml
北京海致科技集团股份有限公司,2025-12-12,2026-01-05,名单外；上市状态待核实,https://www.csrc.gov.cn/csrc/c105984/c7606674/content.shtml
北京智谱华章科技股份有限公司,2025-12-12,2025-12-22,名单外；上市状态待核实,https://www.csrc.gov.cn/csrc/c105984/c7603851/content.shtml
MiniMax Group Inc.,2025-12-12,2025-12-22,名单外；上市状态待核实,https://www.csrc.gov.cn/csrc/c105984/c7603849/content.shtml
美格智能技术股份有限公司,2025-12-15,2025-12-19,名单外；上市状态待核实,https://www.csrc.gov.cn/csrc/c105984/c7603486/content.shtml
上海天数智芯半导体股份有限公司,2025-12-10,2025-12-19,名单外；上市状态待核实,https://www.csrc.gov.cn/csrc/c105984/c7603484/content.shtml
Ridge Outdoor International Limited（乐欣户外国际有限公司）,2025-12-15,2025-12-19,名单外；上市状态待核实,https://www.csrc.gov.cn/csrc/c105984/c7603252/content.shtml
溜溜果园集团股份有限公司,2025-12-15,2025-12-19,名单外；上市状态待核实,https://www.csrc.gov.cn/csrc/c105984/c7603250/content.shtml
深圳市大族数控科技股份有限公司,2025-12-12,2025-12-19,名单外；上市状态待核实,https://www.csrc.gov.cn/csrc/c105984/c7603244/content.shtml
上海壁仞科技股份有限公司,2025-12-10,2025-12-15,名单外；上市状态待核实,https://www.csrc.gov.cn/csrc/c105984/c7602201/content.shtml
深圳市精锋医疗科技股份有限公司,2025-12-11,2025-12-15,名单外；上市状态待核实,https://www.csrc.gov.cn/csrc/c105984/c7602117/content.shtml
江苏泽景汽车电子股份有限公司,2025-12-11,2025-12-12,名单外；上市状态待核实,https://www.csrc.gov.cn/csrc/c105984/c7601765/content.shtml
湖南鸣鸣很忙商业连锁股份有限公司,2025-12-11,2025-12-11,名单外；上市状态待核实,https://www.csrc.gov.cn/csrc/c105984/c7601307/content.shtml
上海龙旗科技股份有限公司,2025-12-09,2025-12-10,名单外；上市状态待核实,https://www.csrc.gov.cn/csrc/c105984/c7601001/content.shtml
豪威集成电路（集团）股份有限公司,2025-12-09,2025-12-09,名单外；上市状态待核实,https://www.csrc.gov.cn/csrc/c105984/c7600687/content.shtml
兆易创新科技集团股份有限公司,2025-12-09,2025-12-09,名单外；上市状态待核实,https://www.csrc.gov.cn/csrc/c105984/c7600685/content.shtml
南京埃斯顿自动化股份有限公司,2025-12-09,2025-12-09,名单外；上市状态待核实,https://www.csrc.gov.cn/csrc/c105984/c7600683/content.shtml
深圳市沃尔核材股份有限公司,2025-12-08,2025-12-09,名单外；上市状态待核实,https://www.csrc.gov.cn/csrc/c105984/c7600668/content.shtml
InSilico Medicine Cayman TopCo（英矽智能）,2025-12-09,2025-12-09,名单外；上市状态待核实,https://www.csrc.gov.cn/csrc/c105984/c7600666/content.shtml
青岛国恩科技股份有限公司,2025-12-08,2025-12-09,名单外；上市状态待核实,https://www.csrc.gov.cn/csrc/c105984/c7600664/content.shtml
澜起科技股份有限公司,2025-12-08,2025-12-09,名单外；上市状态待核实,https://www.csrc.gov.cn/csrc/c105984/c7600662/content.shtml
卧安机器人（深圳）股份有限公司,2025-12-05,2025-12-09,名单外；上市状态待核实,https://www.csrc.gov.cn/csrc/c105984/c7600447/content.shtml
白鸽在线（厦门）数字科技股份有限公司,2025-11-28,2025-12-02,名单外；上市状态待核实,https://www.csrc.gov.cn/csrc/c105984/c7598837/content.shtml
国民技术股份有限公司,2025-11-28,2025-12-02,名单外；上市状态待核实,https://www.csrc.gov.cn/csrc/c105984/c7598835/content.shtml
优地机器人（无锡）股份有限公司,2025-11-27,2025-12-02,名单外；上市状态待核实,https://www.csrc.gov.cn/csrc/c105984/c7598833/content.shtml
东鹏饮料（集团）股份有限公司,2025-11-27,2025-11-28,名单外；上市状态待核实,https://www.csrc.gov.cn/csrc/c105984/c7598384/content.shtml
圣桐特医（青岛）营养健康科技股份公司,2025-11-27,2025-11-28,名单外；上市状态待核实,https://www.csrc.gov.cn/csrc/c105984/c7598380/content.shtml
苏州优乐赛共享服务股份有限公司,2025-11-27,2025-11-28,名单外；上市状态待核实,https://www.csrc.gov.cn/csrc/c105984/c7598378/content.shtml
上海林清轩化妆品集团股份有限公司,2025-11-27,2025-11-28,名单外；上市状态待核实,https://www.csrc.gov.cn/csrc/c105984/c7598374/content.shtml
云南金浔资源股份有限公司,2025-11-26,2025-11-28,名单外；上市状态待核实,https://www.csrc.gov.cn/csrc/c105984/c7598283/content.shtml
牧原食品股份有限公司,2025-11-25,2025-11-28,名单外；上市状态待核实,https://www.csrc.gov.cn/csrc/c105984/c7598266/content.shtml
深圳基本半导体股份有限公司,2025-11-26,2025-11-28,名单外；上市状态待核实,https://www.csrc.gov.cn/csrc/c105984/c7598370/content.shtml
北京先通国际医药科技股份有限公司,2025-11-25,2025-11-28,名单外；上市状态待核实,https://www.csrc.gov.cn/csrc/c105984/c7598251/content.shtml
北京五一视界数字孪生科技股份有限公司,,2025-11-28,名单外；上市状态待核实,https://www.csrc.gov.cn/csrc/c105984/c7598264/content.shtml
深圳市兆威机电股份有限公司,2025-11-19,2025-11-21,名单外；上市状态待核实,https://www.csrc.gov.cn/csrc/c105984/c7596654/content.shtml
迈威（上海）生物科技股份有限公司,2025-11-19,2025-11-21,名单外；上市状态待核实,https://www.csrc.gov.cn/csrc/c105984/c7596652/content.shtml
翰思艾泰生物医药科技（武汉）股份有限公司,2025-11-12,2025-11-13,名单外；上市状态待核实,https://www.csrc.gov.cn/csrc/c105984/c7595135/content.shtml
美联钢结构建筑系统（上海）股份有限公司,2025-11-12,2025-11-12,名单外；上市状态待核实,https://www.csrc.gov.cn/csrc/c105984/c7594923/content.shtml
诺比侃人工智能科技（成都）股份有限公司,2025-11-11,2025-11-12,名单外；上市状态待核实,https://www.csrc.gov.cn/csrc/c105984/c7594921/content.shtml
希迪智驾科技股份有限公司,2025-10-29,2025-10-31,名单外；上市状态待核实,https://www.csrc.gov.cn/csrc/c105984/c7592194/content.shtml
上海宝济药业股份有限公司,2025-10-29,2025-10-29,名单外；上市状态待核实,https://www.csrc.gov.cn/csrc/c105984/c7591784/content.shtml
南京普爱医疗设备股份有限公司,2025-10-27,2025-10-29,名单外；上市状态待核实,https://www.csrc.gov.cn/csrc/c105984/c7591744/content.shtml
果下科技股份有限公司,2025-10-27,2025-10-27,名单外；上市状态待核实,https://www.csrc.gov.cn/csrc/c105984/c7591536/content.shtml
苏州瑞博生物技术股份有限公司,2025-10-24,2025-10-24,名单外；上市状态待核实,https://www.csrc.gov.cn/csrc/c105984/c7591043/content.shtml
苏州纳芯微电子股份有限公司,2025-10-17,2025-10-21,名单外；上市状态待核实,https://www.csrc.gov.cn/csrc/c105984/c7590061/content.shtml
Chuangxin Industries Holdings Limited （创新实业集团有限公司）,2025-10-17,2025-10-21,名单外；上市状态待核实,https://www.csrc.gov.cn/csrc/c105984/c7590057/content.shtml
安徽金岩高岭土新材料股份有限公司,2025-10-16,2025-10-17,名单外；上市状态待核实,https://www.csrc.gov.cn/csrc/c105984/c7589852/content.shtml
Softcare Limited （乐舒适有限公司）,2025-10-16,2025-10-17,名单外；上市状态待核实,https://www.csrc.gov.cn/csrc/c105984/c7589850/content.shtml
上海和辉光电股份有限公司,2025-10-16,2025-10-17,名单外；上市状态待核实,https://www.csrc.gov.cn/csrc/c105984/c7589848/content.shtml
上海卓越睿新数码科技股份有限公司,2025-10-15,2025-10-16,名单外；上市状态待核实,https://www.csrc.gov.cn/csrc/c105984/c7588991/content.shtml
QingSong Health Corporation（轻松健康集团）,2025-10-14,2025-10-14,名单外；上市状态待核实,https://www.csrc.gov.cn/csrc/c105984/c7588619/content.shtml
广州遇见小面餐饮股份有限公司,2025-10-13,2025-10-14,名单外；上市状态待核实,https://www.csrc.gov.cn/csrc/c105984/c7588459/content.shtml
WeRide Inc.（文远知行公司）,2025-09-24,2025-10-14,名单外；上市状态待核实,https://www.csrc.gov.cn/csrc/c105984/c7588456/content.shtml
Pony AI Inc.（小马智行股份有限公司）,2025-09-09,2025-10-14,名单外；上市状态待核实,https://www.csrc.gov.cn/csrc/c105984/c7588448/content.shtml
三一重工股份有限公司,2025-09-30,2025-09-30,名单外；上市状态待核实,https://www.csrc.gov.cn/csrc/c105984/c7586989/content.shtml
宁波均胜电子股份有限公司,2025-09-29,2025-09-30,名单外；上市状态待核实,https://www.csrc.gov.cn/csrc/c105984/c7586987/content.shtml
上海剑桥科技股份有限公司,2025-09-28,2025-09-30,名单外；上市状态待核实,https://www.csrc.gov.cn/csrc/c105984/c7586981/content.shtml
三只松鼠股份有限公司,2025-09-26,2025-09-30,名单外；上市状态待核实,https://www.csrc.gov.cn/csrc/c105984/c7586979/content.shtml
西藏智汇矿业股份有限公司,2025-09-25,2025-09-26,名单外；上市状态待核实,https://www.csrc.gov.cn/csrc/c105984/c7585844/content.shtml
中伟新材料股份有限公司,2025-09-25,2025-09-26,名单外；上市状态待核实,https://www.csrc.gov.cn/csrc/c105984/c7585833/content.shtml
赛力斯集团股份有限公司,2025-09-23,2025-09-25,名单外；上市状态待核实,https://www.csrc.gov.cn/csrc/c105984/c7585411/content.shtml
红星冷链（湖南）股份有限公司,2025-09-23,2025-09-25,名单外；上市状态待核实,https://www.csrc.gov.cn/csrc/c105984/c7585408/content.shtml
滴普科技股份有限公司,2025-09-23,2025-09-25,名单外；上市状态待核实,https://www.csrc.gov.cn/csrc/c105984/c7585406/content.shtml
乐摩科技服务股份有限公司,2025-09-23,2025-09-25,名单外；上市状态待核实,https://www.csrc.gov.cn/csrc/c105984/c7585404/content.shtml
"JINGDONG Industrials, Inc.（京东工业股份有限公司）",2025-09-19,2025-09-22,名单外；上市状态待核实,https://www.csrc.gov.cn/csrc/c105984/c7584701/content.shtml
南华期货股份有限公司,2025-09-19,2025-09-22,名单外；上市状态待核实,https://www.csrc.gov.cn/csrc/c105984/c7584699/content.shtml
深圳市广和通无线股份有限公司,2025-09-18,2025-09-18,名单外；上市状态待核实,https://www.csrc.gov.cn/csrc/c105984/c7584063/content.shtml
北京云迹科技股份有限公司,2025-09-16,2025-09-18,名单外；上市状态待核实,https://www.csrc.gov.cn/csrc/c105984/c7584061/content.shtml
Distinct Healthcare Holdings Limited（卓正医疗控股有限公司） ,2025-09-16,2025-09-17,名单外；上市状态待核实,https://www.csrc.gov.cn/csrc/c105984/c7583815/content.shtml
深圳市江波龙电子股份有限公司,2025-09-09,2025-09-17,名单外；上市状态待核实,https://www.csrc.gov.cn/csrc/c105984/c7583813/content.shtml
Mininglamp Technology（明略科技）,2025-08-28,2025-08-29,名单外；上市状态待核实,https://www.csrc.gov.cn/csrc/c105984/c7580432/content.shtml
长风药业股份有限公司,2025-08-28,2025-08-29,名单外；上市状态待核实,https://www.csrc.gov.cn/csrc/c105984/c7580430/content.shtml
北京同仁堂医养投资股份有限公司,2025-08-28,2025-08-29,名单外；上市状态待核实,https://www.csrc.gov.cn/csrc/c105984/c7580428/content.shtml
轩竹生物科技股份有限公司,2025-08-28,2025-08-29,名单外；上市状态待核实,https://www.csrc.gov.cn/csrc/c105984/c7580426/content.shtml
奇瑞汽车股份有限公司,2025-08-26,2025-08-27,名单外；上市状态待核实,https://www.csrc.gov.cn/csrc/c105984/c7579913/content.shtml
Hesai Group（禾赛科技）,2025-08-19,2025-08-26,名单外；上市状态待核实,https://www.csrc.gov.cn/csrc/c105984/c7579659/content.shtml
河北海伟电子新材料科技股份有限公司,2025-08-19,2025-08-26,名单外；上市状态待核实,https://www.csrc.gov.cn/csrc/c105984/c7579655/content.shtml
大行科工（深圳）股份有限公司,2025-07-14,2025-07-17,名单外；上市状态待核实,https://www.csrc.gov.cn/csrc/c105984/c7571765/content.shtml
八马茶业股份有限公司,2025-07-14,2025-07-17,名单外；上市状态待核实,https://www.csrc.gov.cn/csrc/c105984/c7571763/content.shtml
"Aux Electric Co.,Ltd.（奥克斯电气有限公司）",2025-07-14,2025-07-17,名单外；上市状态待核实,https://www.csrc.gov.cn/csrc/c105984/c7571761/content.shtml
福建海西新药创制股份有限公司,2025-06-25,2025-06-26,名单外；上市状态待核实,https://www.csrc.gov.cn/csrc/c105984/c7566778/content.shtml
江苏中慧元通生物科技股份有限公司,2025-06-25,2025-06-26,名单外；上市状态待核实,https://www.csrc.gov.cn/csrc/c105984/c7566741/content.shtml
劲方医药科技（上海）股份有限公司,2025-06-25,2025-06-26,名单外；上市状态待核实,https://www.csrc.gov.cn/csrc/c105984/c7566735/content.shtml
苏州旺山旺水生物医药股份有限公司,2025-06-25,2025-06-26,名单外；上市状态待核实,https://www.csrc.gov.cn/csrc/c105984/c7566733/content.shtml
BUTONG GROUP（不同集团）,2025-06-25,2025-06-26,名单外；上市状态待核实,https://www.csrc.gov.cn/csrc/c105984/c7566731/content.shtml
JST Group Corporation Limited（聚水潭集团股份有限公司）,2025-06-13,2025-06-17,名单外；上市状态待核实,https://www.csrc.gov.cn/csrc/c105984/c7565063/content.shtml
蓝思科技股份有限公司,2025-06-16,2025-06-17,名单外；上市状态待核实,https://www.csrc.gov.cn/csrc/c105984/c7565049/content.shtml
北京极智嘉科技股份有限公司,2025-06-13,2025-06-13,名单外；上市状态待核实,https://www.csrc.gov.cn/csrc/c105984/c7564416/content.shtml
博泰车联网科技（上海）股份有限公司,2025-06-12,2025-06-13,名单外；上市状态待核实,https://www.csrc.gov.cn/csrc/c105984/c7564414/content.shtml
山东天岳先进科技股份有限公司,2025-06-12,2025-06-13,名单外；上市状态待核实,https://www.csrc.gov.cn/csrc/c105984/c7564412/content.shtml
印象大红袍股份有限公司,2025-06-12,2025-06-13,名单外；上市状态待核实,https://www.csrc.gov.cn/csrc/c105984/c7564409/content.shtml
双登集团股份有限公司,2025-06-12,2025-06-13,名单外；上市状态待核实,https://www.csrc.gov.cn/csrc/c105984/c7564407/content.shtml
广东天域半导体股份有限公司,2025-06-12,2025-06-13,名单外；上市状态待核实,https://www.csrc.gov.cn/csrc/c105984/c7564405/content.shtml
武汉大众口腔医疗股份有限公司,2025-06-11,2025-06-11,名单外；上市状态待核实,https://www.csrc.gov.cn/csrc/c105984/c7563869/content.shtml
南京维立志博生物科技股份有限公司,2025-05-30,2025-06-06,名单外；上市状态待核实,https://www.csrc.gov.cn/csrc/c105984/c7562887/content.shtml
北京首钢朗泽科技股份有限公司,2025-06-04,2025-06-06,名单外；上市状态待核实,https://www.csrc.gov.cn/csrc/c105984/c7562882/content.shtml
深圳西普尼精密科技股份有限公司,2025-05-30,2025-06-06,名单外；上市状态待核实,https://www.csrc.gov.cn/csrc/c105984/c7562865/content.shtml
广州银诺医药集团股份有限公司,2025-05-29,2025-05-29,名单外；上市状态待核实,https://www.csrc.gov.cn/csrc/c105984/c7561298/content.shtml
峰岹科技（深圳）股份有限公司,2025-05-28,2025-05-29,名单外；上市状态待核实,https://www.csrc.gov.cn/csrc/c105984/c7561289/content.shtml
Bayzed Health Group Inc（佰泽医疗集团）,2025-05-16,2025-05-16,名单外；上市状态待核实,https://www.csrc.gov.cn/csrc/c105984/c7558710/content.shtml
安井食品集团股份有限公司,2025-05-15,2025-05-16,名单外；上市状态待核实,https://www.csrc.gov.cn/csrc/c105984/c7558562/content.shtml
SAINT BELLA Inc.（圣贝拉有限公司）,2025-05-15,2025-05-15,名单外；上市状态待核实,https://www.csrc.gov.cn/csrc/c105984/c7558101/content.shtml
上海挚达科技发展股份有限公司,2025-05-13,2025-05-15,名单外；上市状态待核实,https://www.csrc.gov.cn/csrc/c105984/c7558099/content.shtml
周六福珠宝股份有限公司,2025-05-12,2025-05-15,名单外；上市状态待核实,https://www.csrc.gov.cn/csrc/c105984/c7558097/content.shtml
浙江三花智能控制股份有限公司,2025-05-08,2025-05-12,名单外；上市状态待核实,https://www.csrc.gov.cn/csrc/c105984/c7556879/content.shtml
佛山市海天调味食品股份有限公司,2025-04-28,2025-04-30,名单外；上市状态待核实,https://www.csrc.gov.cn/csrc/c105984/c7555164/content.shtml
江苏恒瑞医药股份有限公司,2025-04-16,2025-04-28,名单外；上市状态待核实,https://www.csrc.gov.cn/csrc/c105984/c7554173/content.shtml
CaoCao Inc.（曹操出行有限公司）,2025-04-17,2025-04-18,名单外；上市状态待核实,https://www.csrc.gov.cn/csrc/c105984/c7552360/content.shtml
新琪安集团股份有限公司,2025-04-15,2025-04-15,名单外；上市状态待核实,https://www.csrc.gov.cn/csrc/c105984/c7551562/content.shtml
云知声智能科技股份有限公司,2025-04-14,2025-04-14,名单外；上市状态待核实,https://www.csrc.gov.cn/csrc/c105984/c7551327/content.shtml
Eternal Beauty Holdings Limited（颖通控股有限公司）,2025-03-28,2025-03-28,名单外；上市状态待核实,https://www.csrc.gov.cn/csrc/c105984/c7547925/content.shtml
Quantgroup Technology Limited（量化派科技有限公司）,2025-03-28,2025-03-28,名单外；上市状态待核实,https://www.csrc.gov.cn/csrc/c105984/c7547854/content.shtml
Green Tea Group Limited（绿茶集团有限公司）,2025-03-28,2025-03-28,名单外；上市状态待核实,https://www.csrc.gov.cn/csrc/c105984/c7547851/content.shtml
宁德时代新能源科技股份有限公司,2025-03-25,2025-03-26,名单外；上市状态待核实,https://www.csrc.gov.cn/csrc/c105984/c7547157/content.shtml
江苏宏信超市连锁股份有限公司,2025-02-20,2025-02-20,名单外；上市状态待核实,https://www.csrc.gov.cn/csrc/c105984/c7540469/content.shtml
Soft International Group Ltd（舒宝国际集团有限公司）,2025-02-19,2025-02-20,名单外；上市状态待核实,https://www.csrc.gov.cn/csrc/c105984/c7540215/content.shtml
江苏正力新能电池技术股份有限公司,2025-02-19,2025-02-20,名单外；上市状态待核实,https://www.csrc.gov.cn/csrc/c105984/c7540205/content.shtml
容大合众（厦门）科技集团股份公司,2025-02-05,2025-02-06,名单外；上市状态待核实,https://www.csrc.gov.cn/csrc/c105984/c7537007/content.shtml
湖北香江电器股份有限公司,2025-01-26,2025-01-27,名单外；上市状态待核实,https://www.csrc.gov.cn/csrc/c105984/c7536577/content.shtml
Mirxes Holding Company Limited（觅瑞集团控股有限公司）,2025-01-24,2025-01-24,名单外；上市状态待核实,https://www.csrc.gov.cn/csrc/c105984/c7535880/content.shtml
Shouhui Group Limited（手回集团有限公司）,2025-01-24,2025-01-24,名单外；上市状态待核实,https://www.csrc.gov.cn/csrc/c105984/c7535878/content.shtml
厦门吉宏科技股份有限公司,2025-01-24,2025-01-24,名单外；上市状态待核实,https://www.csrc.gov.cn/csrc/c105984/c7535811/content.shtml
BenQ BM Holding Cayman Corp. （明基医院集团股份有限公司）,2025-01-20,2025-01-21,名单外；上市状态待核实,https://www.csrc.gov.cn/csrc/c105984/c7534898/content.shtml
"Duality Biotherapeutics,Inc.（映恩生物）",2025-01-20,2025-01-21,名单外；上市状态待核实,https://www.csrc.gov.cn/csrc/c105984/c7534889/content.shtml
深圳迅策科技股份有限公司,2025-01-17,2025-01-17,名单外；上市状态待核实,https://www.csrc.gov.cn/csrc/c105984/c7534225/content.shtml
Coland Ocean Group Limited（高龙海洋集团有限公司）,2025-01-15,2025-01-16,名单外；上市状态待核实,https://www.csrc.gov.cn/csrc/c105984/c7533891/content.shtml
北京讯众通信技术股份有限公司,2025-01-10,2025-01-10,名单外；上市状态待核实,https://www.csrc.gov.cn/csrc/c105984/c7532900/content.shtml
沪上阿姨（上海）实业股份有限公司,2025-01-10,2025-01-10,名单外；上市状态待核实,https://www.csrc.gov.cn/csrc/c105984/c7532820/content.shtml
蜜雪冰城股份有限公司,2025-01-06,2025-01-07,名单外；上市状态待核实,https://www.csrc.gov.cn/csrc/c105984/c7531636/content.shtml
MetaLight Inc.（元光科技集团）,2025-01-06,2025-01-07,名单外；上市状态待核实,https://www.csrc.gov.cn/csrc/c105984/c7531617/content.shtml
华芢生物科技（青岛）股份有限公司,2024-12-27,2024-12-31,名单外；上市状态待核实,https://www.csrc.gov.cn/csrc/c105984/c7529822/content.shtml
赤峰吉隆黄金矿业股份有限公司,2024-12-19,2024-12-20,名单外；上市状态待核实,https://www.csrc.gov.cn/csrc/c105984/c7526516/content.shtml
药捷安康（南京）科技股份有限公司,2024-12-19,2024-12-20,名单外；上市状态待核实,https://www.csrc.gov.cn/csrc/c105984/c7526485/content.shtml
Jiaxin International Resources Investment Limited（佳鑫国际资源投资有限公司）,2024-12-12,2024-12-13,名单外；上市状态待核实,https://www.csrc.gov.cn/csrc/c105984/c7524783/content.shtml
泰德医药（浙江）股份有限公司,2024-12-12,2024-12-12,名单外；上市状态待核实,https://www.csrc.gov.cn/csrc/c105984/c7524405/content.shtml
博雷顿科技股份公司,2024-12-11,2024-12-11,名单外；上市状态待核实,https://www.csrc.gov.cn/csrc/c105984/c7523975/content.shtml
Cloudbreak Pharma Inc.（拨康视云）,2024-12-10,2024-12-11,名单外；上市状态待核实,https://www.csrc.gov.cn/csrc/c105984/c7523964/content.shtml
Guming Holdings Limited（古茗控股有限公司）,2024-12-09,2024-12-09,名单外；上市状态待核实,https://www.csrc.gov.cn/csrc/c105984/c7523392/content.shtml
Bloks Group Limited（布鲁可集团有限公司）,2024-12-06,2024-12-06,名单外；上市状态待核实,https://www.csrc.gov.cn/csrc/c105984/c7522981/content.shtml
上海汇舸环保科技集团股份有限公司,2024-12-06,2024-12-06,名单外；上市状态待核实,https://www.csrc.gov.cn/csrc/c105984/c7522979/content.shtml
英诺赛科（苏州）科技股份有限公司,2024-11-27,2024-11-28,名单外；上市状态待核实,https://www.csrc.gov.cn/csrc/c105984/c7520981/content.shtml
深圳市越疆科技股份有限公司,2024-11-21,2024-11-22,名单外；上市状态待核实,https://www.csrc.gov.cn/csrc/c105984/c7520274/content.shtml
毛戈平化妆品股份有限公司,2024-11-07,2024-11-07,名单外；上市状态待核实,https://www.csrc.gov.cn/csrc/c105984/c7517451/content.shtml
深圳佑驾创新科技股份有限公司,2024-10-28,2024-10-28,名单外；上市状态待核实,https://www.csrc.gov.cn/csrc/c105984/c7515223/content.shtml
上海重塑能源集团股份有限公司,2024-10-18,2024-10-18,名单外；上市状态待核实,https://www.csrc.gov.cn/csrc/c105984/c7513631/content.shtml
更新Horizon Robotics（地平线机器人）,2024-10-10,2024-10-10,名单外；上市状态待核实,https://www.csrc.gov.cn/csrc/c105984/c7512399/content.shtml
ShanH Technology Limited（闪回科技有限公司）,2024-10-08,2024-10-08,名单外；上市状态待核实,https://www.csrc.gov.cn/csrc/c105984/c7510428/content.shtml
傲基科技股份有限公司,2024-09-29,2024-09-29,名单外；上市状态待核实,https://www.csrc.gov.cn/csrc/c105984/c7509572/content.shtml
160 Health International Limited（健康160国际有限公司）,2024-09-23,2024-09-23,名单外；上市状态待核实,https://www.csrc.gov.cn/csrc/c105984/c7508473/content.shtml
New Gonow Recreational Vehicles Inc.（新吉奥房车有限公司）,2024-09-06,2024-09-06,名单外；上市状态待核实,https://www.csrc.gov.cn/csrc/c105984/c7505610/content.shtml
Xiaocaiyuan International Holding Ltd.（小菜园国际控股有限公司）,2024-08-23,2024-08-23,名单外；上市状态待核实,https://www.csrc.gov.cn/csrc/c105984/c7502376/content.shtml
江苏国富氢能技术装备股份有限公司,2024-08-14,2024-08-14,名单外；上市状态待核实,https://www.csrc.gov.cn/csrc/c105984/c7500454/content.shtml
Carote Ltd.（卡罗特（商业）有限公司）,2024-08-09,2024-08-09,名单外；上市状态待核实,https://www.csrc.gov.cn/csrc/c105984/c7499705/content.shtml
Horizon Robotics （地平线机器人）,2024-08-09,2024-08-09,名单外；上市状态待核实,https://www.csrc.gov.cn/csrc/c105984/c7499728/content.shtml
派格生物医药（苏州）股份有限公司,2024-07-25,2024-07-25,名单外；上市状态待核实,https://www.csrc.gov.cn/csrc/c105984/c7496501/content.shtml
美的集团股份有限公司,2024-07-23,2024-07-23,名单外；上市状态待核实,https://www.csrc.gov.cn/csrc/c105984/c7495739/content.shtml
讯飞医疗科技股份有限公司,2024-07-19,2024-07-19,名单外；上市状态待核实,https://www.csrc.gov.cn/csrc/c105984/c7495332/content.shtml
Beverage (Holdings) Company Limited（华润饮料（控股）有限公司）,2024-07-10,2024-07-10,名单外；上市状态待核实,https://www.csrc.gov.cn/csrc/c105984/c7494039/content.shtml
浙江太美医疗科技股份有限公司,2024-07-09,2024-07-09,名单外；上市状态待核实,https://www.csrc.gov.cn/csrc/c105984/c7494046/content.shtml
Dmall Inc.（多点数智有限公司） ,2024-07-05,2024-07-05,名单外；上市状态待核实,https://www.csrc.gov.cn/csrc/c105984/c7492101/content.shtml
浙江同源康医药股份有限公司,2024-07-04,2024-07-04,名单外；上市状态待核实,https://www.csrc.gov.cn/csrc/c105984/c7491951/content.shtml
BrainAurora Medical Technology Limited（脑动极光医疗科技有限公司）,2024-07-04,2024-07-04,名单外；上市状态待核实,https://www.csrc.gov.cn/csrc/c105984/c7491935/content.shtml
北京康乐卫士生物技术股份有限公司,2024-07-04,2024-07-04,名单外；上市状态待核实,https://www.csrc.gov.cn/csrc/c105984/c7493839/content.shtml
Numans Health Food Holdings Company Limited（纽曼思健康食品控股有限公司）,2024-06-27,2024-06-27,名单外；上市状态待核实,https://www.csrc.gov.cn/csrc/c105984/c7489858/content.shtml
HealthyWay Inc.（健康之路股份有限公司）,2024-06-24,2024-06-24,名单外；上市状态待核实,https://www.csrc.gov.cn/csrc/c105984/c7489096/content.shtml
Qiniu Limited（七牛智能科技有限公司）,2024-06-17,2024-06-17,名单外；上市状态待核实,https://www.csrc.gov.cn/csrc/c105984/c7487632/content.shtml
Chenqi Technology Limited（如祺出行）,2024-06-13,2024-06-13,名单外；上市状态待核实,https://www.csrc.gov.cn/csrc/c105984/c7487129/content.shtml
北京赛目科技股份有限公司,2024-06-01,2024-06-01,名单外；上市状态待核实,https://www.csrc.gov.cn/csrc/c105984/c7484771/content.shtml
杭州九源基因工程股份有限公司,2024-06-01,2024-06-01,名单外；上市状态待核实,https://www.csrc.gov.cn/csrc/c105984/c7485131/content.shtml
广东晶科电子股份有限公司,2024-06-01,2024-06-01,名单外；上市状态待核实,https://www.csrc.gov.cn/csrc/c105984/c7484767/content.shtml
顺丰控股股份有限公司,2024-05-31,2024-05-31,名单外；上市状态待核实,https://www.csrc.gov.cn/csrc/c105984/c7484617/content.shtml
海南钧达新能源科技股份有限公司,2024-05-14,2024-05-17,名单外；上市状态待核实,https://www.csrc.gov.cn/csrc/c105984/c7481358/content.shtml
QuantumPharm Inc.（量子医药有限公司）,2024-04-22,2024-04-22,名单外；上市状态待核实,https://www.csrc.gov.cn/csrc/c105984/c7475520/content.shtml
Easou Technology Holdings Limited（宜搜科技控股有限公司）,2024-04-22,2024-04-22,名单外；上市状态待核实,https://www.csrc.gov.cn/csrc/c105984/c7475490/content.shtml
安徽海螺材料科技股份有限公司,2024-04-02,2024-04-02,名单外；上市状态待核实,https://www.csrc.gov.cn/csrc/c105984/c7472419/content.shtml
GL-Carlink Technology Holding Limited（广联科技控股有限公司）,2024-04-02,2024-04-02,名单外；上市状态待核实,https://www.csrc.gov.cn/csrc/c105984/c7471615/content.shtml
Cloud Factory Technology Holdings Limited（云工场科技控股有限公司）,2024-04-02,2024-04-02,名单外；上市状态待核实,https://www.csrc.gov.cn/csrc/c105984/c7471612/content.shtml
老铺黄金股份有限公司,2024-03-25,2024-03-25,名单外；上市状态待核实,https://www.csrc.gov.cn/csrc/c105984/c7470073/content.shtml
VISEN Pharmaceuticals（维升药业）,2024-03-25,2024-03-25,名单外；上市状态待核实,https://www.csrc.gov.cn/csrc/c105984/c7469941/content.shtml
Fangzhou Inc.（方舟云康控股有限公司）,2024-03-22,2024-03-22,名单外；上市状态待核实,https://www.csrc.gov.cn/csrc/c105984/c7469685/content.shtml
上海声通信息科技股份有限公司,2024-03-08,2024-03-08,名单外；上市状态待核实,https://www.csrc.gov.cn/csrc/c105984/c7466843/content.shtml
广东集信国控检测认证技术服务中心股份有限公司,2024-03-07,2024-03-07,名单外；上市状态待核实,https://www.csrc.gov.cn/csrc/c105984/c7466833/content.shtml
西安经发物业股份有限公司,2024-02-07,2024-02-07,名单外；上市状态待核实,https://www.csrc.gov.cn/csrc/c105984/c7463596/content.shtml
连连数字科技股份有限公司,2024-02-07,2024-02-07,名单外；上市状态待核实,https://www.csrc.gov.cn/csrc/c105984/c7463326/content.shtml
Marketingforce Manangement Ltd.（迈富时管理有限公司）,2024-02-06,2024-02-06,名单外；上市状态待核实,https://www.csrc.gov.cn/csrc/c105984/c7462781/content.shtml
Dida Inc.（嘀嗒出行公司）,2024-02-06,2024-02-06,名单外；上市状态待核实,https://www.csrc.gov.cn/csrc/c105984/c7462767/content.shtml
"Sunho Biologics, Inc.（盛禾生物控股有限公司）",2024-02-05,2024-02-05,名单外；上市状态待核实,https://www.csrc.gov.cn/csrc/c105984/c7462771/content.shtml
深业物业运营集团股份有限公司,2024-02-05,2024-02-05,名单外；上市状态待核实,https://www.csrc.gov.cn/csrc/c105984/c7462332/content.shtml
泓盈城市运营服务集团股份有限公司,2024-02-05,2024-02-05,名单外；上市状态待核实,https://www.csrc.gov.cn/csrc/c105984/c7462316/content.shtml
Ruichang International Holdings Limited（瑞昌国际控股有限公司）,2024-01-25,2024-01-26,名单外；上市状态待核实,https://www.csrc.gov.cn/csrc/c105984/c7459589/content.shtml
Autostreets Development Limited（汽车街发展有限公司）,2024-01-17,2024-01-19,名单外；上市状态待核实,https://www.csrc.gov.cn/csrc/c105984/c7458414/content.shtml
梦金园黄金珠宝集团股份有限公司,2024-01-17,2024-01-19,名单外；上市状态待核实,https://www.csrc.gov.cn/csrc/c105984/c7458408/content.shtml
Qunabox Group Limited（趣致集团）,2024-01-17,2024-01-18,名单外；上市状态待核实,https://www.csrc.gov.cn/csrc/c105984/c7458173/content.shtml
宜宾市商业银行股份有限公司,2024-01-17,2024-01-18,名单外；上市状态待核实,https://www.csrc.gov.cn/csrc/c105984/c7458169/content.shtml
江苏龙蟠科技股份有限公司,2024-01-17,2024-01-18,名单外；上市状态待核实,https://www.csrc.gov.cn/csrc/c105984/c7458167/content.shtml
江西一脉阳光集团股份有限公司,2024-01-08,2024-01-09,名单外；上市状态待核实,https://www.csrc.gov.cn/csrc/c105984/c7456584/content.shtml
Wuhan Youji Holdings Ltd（武汉有机控股有限公司）,2024-01-02,2024-01-04,名单外；上市状态待核实,https://www.csrc.gov.cn/csrc/c105984/c7455329/content.shtml
Zhonggan Communication（Group）Holdings Limited（中赣通信（集团）控股有限公司）,2024-01-02,2024-01-02,名单外；上市状态待核实,https://www.csrc.gov.cn/csrc/c105984/c7454569/content.shtml
马泷医疗管理（浙江）股份有限公司,2024-01-02,2024-01-02,名单外；上市状态待核实,https://www.csrc.gov.cn/csrc/c105984/c7454559/content.shtml
百望股份有限公司,2024-01-02,2024-01-02,名单外；上市状态待核实,https://www.csrc.gov.cn/csrc/c105984/c7454556/content.shtml
Lesi Group Limited（乐思集团有限公司）,2023-12-20,2023-12-21,名单外；上市状态待核实,https://www.csrc.gov.cn/csrc/c105984/c7451020/content.shtml
四川百茶百道实业股份有限公司,2023-12-20,2023-12-21,名单外；上市状态待核实,https://www.csrc.gov.cn/csrc/c105984/c7450993/content.shtml
Edding Group Company Limited（亿腾医药集团有限公司） ,2023-12-20,2023-12-21,名单外；上市状态待核实,https://www.csrc.gov.cn/csrc/c105984/c7450988/content.shtml
EDA Group Holdings Limited（EDA集团控股有限公司）,2023-12-20,2023-12-21,名单外；上市状态待核实,https://www.csrc.gov.cn/csrc/c105984/c7450986/content.shtml
Mobvoi Inc.（出门问问有限公司）,2023-12-20,2023-12-21,名单外；上市状态待核实,https://www.csrc.gov.cn/csrc/c105984/c7450984/content.shtml
"Wellcell Holdings Co., Limited（经纬天地控股有限公司）",2023-12-05,2023-12-06,名单外；上市状态待核实,https://www.csrc.gov.cn/csrc/c105984/c7447571/content.shtml
Rookie International Holding Limited（永兴东润国际控股有限公司）,2023-12-05,2023-12-06,名单外；上市状态待核实,https://www.csrc.gov.cn/csrc/c105984/c7447567/content.shtml
"China Beautify Natural Environment Technology Co., Ltd.（中国美自然环境科技有限公司）",2023-11-28,2023-11-29,名单外；上市状态待核实,https://www.csrc.gov.cn/csrc/c105984/c7446316/content.shtml
天聚地合（苏州）科技股份有限公司,2023-11-28,2023-11-29,名单外；上市状态待核实,https://www.csrc.gov.cn/csrc/c105984/c7446301/content.shtml
"RoboSense Technology Co.,Ltd（速腾聚创科技有限公司）",2023-11-09,2023-11-10,名单外；上市状态待核实,https://www.csrc.gov.cn/csrc/c105984/c7442605/content.shtml
InSilico Medicine Cayman TopCo (英矽智能）,2023-11-09,2023-11-10,名单外；上市状态待核实,https://www.csrc.gov.cn/csrc/c105984/c7442596/content.shtml
Black Sesame International Holding Limited（黑芝麻智能） ,2023-11-09,2023-11-10,名单外；上市状态待核实,https://www.csrc.gov.cn/csrc/c105984/c7442593/content.shtml
"Fujing Holdings Co., Limited（富景中国控股有限公司）",2023-10-21,2023-10-24,名单外；上市状态待核实,https://www.csrc.gov.cn/csrc/c105984/c7438968/content.shtml
Persistence Resources Group Ltd（集海资源集团有限公司）,2023-10-20,2023-10-23,名单外；上市状态待核实,https://www.csrc.gov.cn/csrc/c105984/c7438793/content.shtml
Zhongshen Jianye Holding Limited（中深建业控股有限公司） ,2023-10-20,2023-10-20,名单外；上市状态待核实,https://www.csrc.gov.cn/csrc/c105984/c7438304/content.shtml
瑞浦兰钧能源股份有限公司,2023-10-19,2023-10-20,名单外；上市状态待核实,https://www.csrc.gov.cn/csrc/c105984/c7438299/content.shtml
河南金源氢化能源股份有限公司,2023-10-20,2023-10-20,名单外；上市状态待核实,https://www.csrc.gov.cn/csrc/c105984/c7438286/content.shtml
Changjiu Holdings Limited（长久股份有限公司）,2023-10-19,2023-10-19,名单外；上市状态待核实,https://www.csrc.gov.cn/csrc/c105984/c7438004/content.shtml
"HighTide Therapeutics, Inc.（君圣泰医药） ",2023-10-19,2023-10-19,名单外；上市状态待核实,https://www.csrc.gov.cn/csrc/c105984/c7437988/content.shtml
芜湖城市建设集团股份有限公司,2023-10-19,2023-10-19,名单外；上市状态待核实,https://www.csrc.gov.cn/csrc/c105984/c7437986/content.shtml
WuXi XDC Cayman Inc.（药明合联生物技术有限公司） ,2023-10-19,2023-10-19,名单外；上市状态待核实,https://www.csrc.gov.cn/csrc/c105984/c7437984/content.shtml
厦门燕之屋生物工程股份有限公司,2023-09-25,2023-09-25,名单外；上市状态待核实,https://www.csrc.gov.cn/csrc/c105984/c7434204/content.shtml
天津建设发展集团股份公司,2023-09-14,2023-09-15,名单外；上市状态待核实,https://www.csrc.gov.cn/csrc/c105984/c7432519/content.shtml
J&T Global Express Limited（极兔速递环球有限公司）,2023-09-15,2023-09-15,名单外；上市状态待核实,https://www.csrc.gov.cn/csrc/c105984/c7432516/content.shtml
Huashi Group Holdings Limited（华视集团控股有限公司）,2023-09-14,2023-09-14,名单外；上市状态待核实,https://www.csrc.gov.cn/csrc/c105984/c7432166/content.shtml
Fenghua Qiushi Group Holdings Limited（风华秋实集团控股有限公司）,2023-09-14,2023-09-14,名单外；上市状态待核实,https://www.csrc.gov.cn/csrc/c105984/c7432159/content.shtml
苏州贝克微电子股份有限公司,2023-09-05,2023-09-06,名单外；上市状态待核实,https://www.csrc.gov.cn/csrc/c105984/c7430507/content.shtml
锅圈食品（上海）股份有限公司,2023-09-05,2023-09-06,名单外；上市状态待核实,https://www.csrc.gov.cn/csrc/c105984/c7430519/content.shtml
深圳市优必选科技股份有限公司,2023-08-25,2023-08-25,名单外；上市状态待核实,https://www.csrc.gov.cn/csrc/c105984/c7428278/content.shtml
Cubic City Service Apartment Group Holdings Limited（魔方生活服务集团有限公司） ,2023-08-25,2023-08-25,名单外；上市状态待核实,https://www.csrc.gov.cn/csrc/c105984/c7428274/content.shtml
广州佛朗斯股份有限公司,2023-08-18,2023-08-21,名单外；上市状态待核实,https://www.csrc.gov.cn/csrc/c105984/c7427143/content.shtml
XXF Group Holdings Limited（喜相逢集团控股有限公司） ,2023-08-17,2023-08-18,名单外；上市状态待核实,https://www.csrc.gov.cn/csrc/c105984/c7426881/content.shtml
Migao Group Holdings Limited（米高集团控股有限公司） ,2023-08-17,2023-08-18,名单外；上市状态待核实,https://www.csrc.gov.cn/csrc/c105984/c7426879/content.shtml
FAR International Holdings Group Company Limited（泛远国际控股集团有限公司）,2023-08-17,2023-08-18,名单外；上市状态待核实,https://www.csrc.gov.cn/csrc/c105984/c7426876/content.shtml
众淼创新科技（青岛）股份有限公司,2023-08-07,2023-08-07,名单外；上市状态待核实,https://www.csrc.gov.cn/csrc/c105984/c7424603/content.shtml
普洱澜沧古茶股份有限公司,2023-08-01,2023-08-02,名单外；上市状态待核实,https://www.csrc.gov.cn/csrc/c105984/c7423551/content.shtml
"LC Logistics, Inc.（乐舱物流股份有限公司）",2023-07-19,2023-07-19,名单外；上市状态待核实,https://www.csrc.gov.cn/csrc/c105984/c7420829/content.shtml
Maiyue Technology Limited（迈越科技股份有限公司）,2023-07-19,2023-07-19,名单外；上市状态待核实,https://www.csrc.gov.cn/csrc/c105984/c7420827/content.shtml
江苏荃信生物医药股份有限公司,2023-07-19,2023-07-19,名单外；上市状态待核实,https://www.csrc.gov.cn/csrc/c105984/c7420825/content.shtml
Luyuan Group Holding（Cayman）Limited,2023-07-05,2023-07-06,名单外；上市状态待核实,https://www.csrc.gov.cn/csrc/c105984/c7418170/content.shtml
北京友宝在线科技股份有限公司,2023-07-03,2023-07-03,名单外；上市状态待核实,https://www.csrc.gov.cn/csrc/c105984/c7417299/content.shtml
北京第四范式智能技术股份有限公司,2023-07-03,2023-07-03,名单外；上市状态待核实,https://www.csrc.gov.cn/csrc/c105984/c7417296/content.shtml
十月稻田集团股份有限公司,2023-05-30,2023-05-31,名单外；上市状态待核实,https://www.csrc.gov.cn/csrc/c105984/c7411763/content.shtml
知行汽车科技（苏州）股份有限公司,2023-05-30,2023-05-31,名单外；上市状态待核实,https://www.csrc.gov.cn/csrc/c105984/c7411753/content.shtml
