申请编号,中文名称,英文名称,板块,文件阶段,申请版本日期,聆讯后资料集日期,最新发布日期,保荐人,股份代码,招股开始,招股截止,预期定价日,原预期上市日,发售状态,英文全文PDF,中文全文PDF,保荐人来源
108373,江苏瘦西湖文化旅游股份有限公司,Jiangsu Slender West Lake Cultural Tourism Co. Ltd,主板,PHIP,2026-03-30,2026-10-07,2026-10-07,China Everbright Capital Limited（独家保荐人）,,,,,,,https://www1.hkexnews.hk/app/sehk/2026/108373/documents/sehk26100700090.pdf,https://www1.hkexnews.hk/app/sehk/2026/108373/documents/sehk26100700089.pdf,https://www1.hkexnews.hk/app/sehk/2026/108373/a136327/sehk26100700066.pdf
108340,广州天赐高新材料股份有限公司,"Guangzhou Tinci Materials Technology Co., Ltd.",主板,PHIP,2026-03-27,2026-10-05,2026-10-05,J.P. Morgan Securities (Far East) Limited；CITIC Securities (Hong Kong) Limited；GF Capital (Hong Kong) Limited,,,,,,,https://www1.hkexnews.hk/app/sehk/2026/108340/documents/sehk26100500008.pdf,https://www1.hkexnews.hk/app/sehk/2026/108340/documents/sehk26100500007_c.pdf,https://www1.hkexnews.hk/app/sehk/2026/108340/a136321/sehk26100500054.pdf
108912,基汇资本房地产私募债务开放式基金型公司,Gaw Capital Real Estate Private Debt OFC,主板,AP,2026-10-02,,2026-10-02,Jefferies Hong Kong Limited（独家保荐人）,,,,,,,https://www1.hkexnews.hk/app/sehk/2026/108912/documents/sehk26100203578.pdf,https://www1.hkexnews.hk/app/sehk/2026/108912/documents/sehk26100203577.pdf,https://www1.hkexnews.hk/app/sehk/2026/108912/a136303/sehk26100203551.pdf
108910,北京百普赛斯生物科技股份有限公司,"ACROBIOSYSTEMS CO., LTD",主板,AP,2026-09-30,,2026-09-30,"China Merchants Securities (HK) Co., Limited",,,,,,,https://www1.hkexnews.hk/app/sehk/2026/108910/documents/sehk26093002652.pdf,https://www1.hkexnews.hk/app/sehk/2026/108910/documents/sehk26093002651_c.pdf,https://www1.hkexnews.hk/app/sehk/2026/108910/a136275/sehk26093002697.pdf
108911,珠海一微科技股份有限公司,"Amicro Technology Co., Ltd.",主板,PHIP,,2026-09-30,2026-09-30,中信建投（国际）融资有限公司；国泰君安融资有限公司,,,,,,,https://www1.hkexnews.hk/app/sehk/2026/108911/documents/sehk26093003030.pdf,https://www1.hkexnews.hk/app/sehk/2026/108911/documents/sehk26093003029_c.pdf,https://www1.hkexnews.hk/app/sehk/2026/108911/a136281/sehk26093003007.pdf
108908,北京九章云极科技股份有限公司,"DataCanvas Co., Ltd.",主板,AP,2026-09-29,,2026-09-29,待核实,,,,,,,https://www1.hkexnews.hk/app/sehk/2026/108908/documents/sehk26092900994.pdf,https://www1.hkexnews.hk/app/sehk/2026/108908/documents/sehk26092900993.pdf,
108909,柳道实业控股有限公司,"YUDO HOLDINGS CO., LIMITED",主板,AP,2026-09-29,,2026-09-29,待核实,,,,,,,https://www1.hkexnews.hk/app/sehk/2026/108909/documents/sehk26092902078.pdf,https://www1.hkexnews.hk/app/sehk/2026/108909/documents/sehk26092902077_c.pdf,
108907,山东力诺医药包装股份有限公司,"Shandong Linuo Pharmaceutical Packaging Co.,Ltd.",主板,AP,2026-09-28,,2026-09-28,待核实,,,,,,,https://www1.hkexnews.hk/app/sehk/2026/108907/documents/sehk26092800296.pdf,https://www1.hkexnews.hk/app/sehk/2026/108907/documents/sehk26092800295_c.pdf,
108258,安徽希磁科技股份有限公司,"Anhui Sinomags Technology Co., Ltd",主板,PHIP,2026-02-27,2026-09-28,2026-09-28,中信建投（国际）融资有限公司,,,,,,,https://www1.hkexnews.hk/app/sehk/2026/108258/documents/sehk26092802070.pdf,https://www1.hkexnews.hk/app/sehk/2026/108258/documents/sehk26092802069_c.pdf,https://www1.hkexnews.hk/app/sehk/2026/108258/a136245/sehk26092802116.pdf
108906,上海寅家电子科技股份有限公司,Voyager Intelligent Systems Limited,主板,AP,2026-09-27,,2026-09-27,待核实,,,,,,,https://www1.hkexnews.hk/app/sehk/2026/108906/documents/sehk26092700112.pdf,https://www1.hkexnews.hk/app/sehk/2026/108906/documents/sehk26092700111.pdf,
108656,深圳传音控股股份有限公司,"Shenzhen Transsion Holdings Co., Ltd.",主板,PHIP,2026-06-18,2026-09-25,2026-09-25,中信证券（香港）有限公司,,,,,,,https://www1.hkexnews.hk/app/sehk/2026/108656/documents/sehk26092501136.pdf,https://www1.hkexnews.hk/app/sehk/2026/108656/documents/sehk26092501135_c.pdf,https://www1.hkexnews.hk/app/sehk/2026/108656/a136201/sehk26092501181.pdf
108867,广东微电新能源股份有限公司,"Guangdong Mic-Power New Energy Co., Ltd.",主板,AP,2026-09-10,,2026-09-24,待核实,,,,,,,https://www1.hkexnews.hk/app/sehk/2026/108867/documents/sehk26091001726.pdf,https://www1.hkexnews.hk/app/sehk/2026/108867/documents/sehk26091001725_c.pdf,
108890,奥比中光科技集团股份有限公司 - W,Orbbec Inc. - W,主板,AP,2026-09-24,,2026-09-24,待核实,,,,,,,https://www1.hkexnews.hk/app/sehk/2026/108890/documents/sehk26092401221.pdf,https://www1.hkexnews.hk/app/sehk/2026/108890/documents/sehk26092401220.pdf,
108889,广州文石信息科技股份有限公司,Onyx International Inc.,主板,AP,2026-09-23,,2026-09-23,待核实,,,,,,,https://www1.hkexnews.hk/app/sehk/2026/108889/documents/sehk26092301864.pdf,https://www1.hkexnews.hk/app/sehk/2026/108889/documents/sehk26092301863_c.pdf,
108440,晶晨半导体（上海）股份有限公司,"Amlogic (Shanghai) Co.,Ltd.",主板,AP,2026-04-12,,2026-09-22,待核实,,,,,,,https://www1.hkexnews.hk/app/sehk/2026/108440/documents/sehk26041200324.pdf,https://www1.hkexnews.hk/app/sehk/2026/108440/documents/sehk26041200323_c.pdf,
108888,广东省广晟大宝山铜业股份有限公司,"Guangdong Rising Mineral-Rich Mountain Copper Co., Ltd.",主板,AP,2026-09-22,,2026-09-22,待核实,,,,,,,https://www1.hkexnews.hk/app/sehk/2026/108888/documents/sehk26092201540.pdf,https://www1.hkexnews.hk/app/sehk/2026/108888/documents/sehk26092201539.pdf,
108887,超颖电子电路股份有限公司,"Dynamic Electronics Co., Ltd.",主板,AP,2026-09-21,,2026-09-21,待核实,,,,,,,https://www1.hkexnews.hk/app/sehk/2026/108887/documents/sehk26092101146.pdf,https://www1.hkexnews.hk/app/sehk/2026/108887/documents/sehk26092101145_c.pdf,
108870,深圳市海柔创新智能科技集团股份有限公司 - W,"Hai Robotics Innovation Group Co., Ltd. - W",主板,AP,2026-09-13,,2026-09-21,待核实,,,,,,,https://www1.hkexnews.hk/app/sehk/2026/108870/documents/sehk26091300124.pdf,https://www1.hkexnews.hk/app/sehk/2026/108870/documents/sehk26091300123_c.pdf,
108777,北京奕斯伟计算技术股份有限公司,"Beijing ESWIN Computing Technology Co., Ltd.",主板,PHIP,2026-07-31,2026-09-21,2026-09-21,中信证券（香港）有限公司；中信建投（国际）融资有限公司；中信里昂证券有限公司,01256,2026-09-28,2026-10-06,2026-10-07,2026-10-09,招股中,https://www1.hkexnews.hk/app/sehk/2026/108777/documents/sehk26092101738.pdf,https://www1.hkexnews.hk/app/sehk/2026/108777/documents/sehk26092101737_c.pdf,https://www1.hkexnews.hk/app/sehk/2026/108777/a136129/sehk26092101716.pdf
108886,浙江京新药业股份有限公司,"Zhejiang Jingxin Pharmaceutical Co., Ltd.",主板,AP,2026-09-18,,2026-09-18,待核实,,,,,,,https://www1.hkexnews.hk/app/sehk/2026/108886/documents/sehk26091801843.pdf,https://www1.hkexnews.hk/app/sehk/2026/108886/documents/sehk26091801842.pdf,
108794,湖南军信环保股份有限公司,"Hunan Junxin Environmental Protection Co., Ltd.",主板,PHIP,2026-08-13,2026-09-13,2026-09-13,中国国际金融香港证券有限公司；中信证券（香港）有限公司,,,,,,,https://www1.hkexnews.hk/app/sehk/2026/108794/documents/sehk26091300040.pdf,https://www1.hkexnews.hk/app/sehk/2026/108794/documents/sehk26091300039_c.pdf,https://www1.hkexnews.hk/app/sehk/2026/108794/a136039/sehk26091300087.pdf
108850,浙江海亮股份有限公司,"ZHE JIANG HAI LIANG CO., LTD.",主板,AP,2026-08-30,,2026-09-11,待核实,,,,,,,https://www1.hkexnews.hk/app/sehk/2026/108850/documents/sehk26083000490.pdf,https://www1.hkexnews.hk/app/sehk/2026/108850/documents/sehk26083000489_c.pdf,
108868,翱捷科技股份有限公司,"ASR Microelectronics Co., Ltd.",主板,AP,2026-09-11,,2026-09-11,待核实,,,,,,,https://www1.hkexnews.hk/app/sehk/2026/108868/documents/sehk26091101556.pdf,https://www1.hkexnews.hk/app/sehk/2026/108868/documents/sehk26091101555_c.pdf,
108869,浙江和夏科技股份有限公司,"HEXIA Technologies Co., Ltd.",GEM,AP,2026-09-11,,2026-09-11,待核实,,,,,,,https://www1.hkexnews.hk/app/gem/2026/108869/documents/gem26091101922.pdf,https://www1.hkexnews.hk/app/gem/2026/108869/documents/gem26091101921.pdf,
108822,上海剧星传媒股份有限公司,"Shanghai Vision Star Media Co.,Ltd.",主板,AP,2026-08-27,,2026-09-10,待核实,,,,,,,https://www1.hkexnews.hk/app/sehk/2026/108822/documents/sehk26082701844.pdf,https://www1.hkexnews.hk/app/sehk/2026/108822/documents/sehk26082701843_c.pdf,
108827,杭州糖吉医疗科技股份有限公司 - B,"Hangzhou Tangji Medical Technology Co., Ltd. - B",主板,AP,2026-08-28,,2026-09-10,待核实,,,,,,,https://www1.hkexnews.hk/app/sehk/2026/108827/documents/sehk26082803557.pdf,https://www1.hkexnews.hk/app/sehk/2026/108827/documents/sehk26082803556_c.pdf,
108866,河北联吉启成产业园区运营管理股份有限公司,"Hebei Lianji Qicheng Industrial Park Operation Management Co., Ltd.",GEM,AP,2026-09-10,,2026-09-10,待核实,,,,,,,https://www1.hkexnews.hk/app/gem/2026/108866/documents/gem26091001158.pdf,https://www1.hkexnews.hk/app/gem/2026/108866/documents/gem26091001157.pdf,
108575,浙江涛涛车业股份有限公司,"Zhejiang Taotao Vehicles Co., Ltd.",主板,PHIP,2026-06-16,2026-09-07,2026-09-07,中信证券（香港）有限公司,,,,,,,https://www1.hkexnews.hk/app/sehk/2026/108575/documents/sehk26090701490.pdf,https://www1.hkexnews.hk/app/sehk/2026/108575/documents/sehk26090701489_c.pdf,https://www1.hkexnews.hk/app/sehk/2026/108575/a135979/sehk26090701534.pdf
108727,深圳四方精创资讯股份有限公司,"Shenzhen Forms Syntron Information Co., Ltd.",主板,PHIP,2026-07-05,2026-09-06,2026-09-06,招银国际融资有限公司；国信证券（香港）融资有限公司,06700,2026-09-14,2026-09-17,2026-09-18,2026-09-22,原定上市日已过,https://www1.hkexnews.hk/app/sehk/2026/108727/documents/sehk26090600084.pdf,https://www1.hkexnews.hk/app/sehk/2026/108727/documents/sehk26090600083_c.pdf,https://www1.hkexnews.hk/app/sehk/2026/108727/a135961/sehk26090600132.pdf
108812,珠海金智维人工智能股份有限公司,"Zhuhai Kingsware Artificial Intelligence Co., Ltd.",主板,AP,2026-08-21,,2026-09-04,待核实,,,,,,,https://www1.hkexnews.hk/app/sehk/2026/108812/documents/sehk26082102364.pdf,https://www1.hkexnews.hk/app/sehk/2026/108812/documents/sehk26082102363_c.pdf,
108857,深圳欧税通控股股份有限公司,VATAI HOLDINGS LIMITED,主板,AP,2026-09-03,,2026-09-03,待核实,,,,,,,https://www1.hkexnews.hk/app/sehk/2026/108857/documents/sehk26090300176.pdf,https://www1.hkexnews.hk/app/sehk/2026/108857/documents/sehk26090300175_c.pdf,
108858,深圳信立泰药业股份有限公司,"Shenzhen Salubris Pharmaceuticals Co., Ltd.",主板,AP,2026-09-03,,2026-09-03,待核实,,,,,,,https://www1.hkexnews.hk/app/sehk/2026/108858/documents/sehk26090301640.pdf,https://www1.hkexnews.hk/app/sehk/2026/108858/documents/sehk26090301639_c.pdf,
108797,湖南裕能新能源电池材料股份有限公司,"Hunan Yuneng New Energy Battery Material Co., Ltd.",主板,AP,2026-08-17,,2026-09-01,待核实,,,,,,,https://www1.hkexnews.hk/app/sehk/2026/108797/documents/sehk26081700010.pdf,https://www1.hkexnews.hk/app/sehk/2026/108797/documents/sehk26081700009_c.pdf,
108851,广西玉柴船电动力股份有限公司,"Guangxi Yuchai Marine and Genset Power Co., Ltd.",主板,AP,2026-08-31,,2026-08-31,待核实,,,,,,,https://www1.hkexnews.hk/app/sehk/2026/108851/documents/sehk26083101780.pdf,https://www1.hkexnews.hk/app/sehk/2026/108851/documents/sehk26083101779.pdf,
108853,浙江迦智科技股份有限公司,"Zhejiang IPLUSMOBOT Technology Co., Ltd.",主板,AP,2026-08-31,,2026-08-31,待核实,,,,,,,https://www1.hkexnews.hk/app/sehk/2026/108853/documents/sehk26083102166.pdf,https://www1.hkexnews.hk/app/sehk/2026/108853/documents/sehk26083102165_c.pdf,
108852,御康诺国际健康有限公司,ANEW Health Limited,主板,AP,2026-08-31,,2026-08-31,待核实,,,,,,,https://www1.hkexnews.hk/app/sehk/2026/108852/documents/sehk26083102544.pdf,https://www1.hkexnews.hk/app/sehk/2026/108852/documents/sehk26083102543.pdf,
108854,宁波舜宇智行科技股份有限公司,Ningbo Sunny Smart Autotech Company Limited,主板,AP,2026-08-31,,2026-08-31,待核实,,,,,,,https://www1.hkexnews.hk/app/sehk/2026/108854/documents/sehk26083102636.pdf,https://www1.hkexnews.hk/app/sehk/2026/108854/documents/sehk26083102635_c.pdf,
108855,江西铜博科技股份有限公司,"Jiangxi Tongbo Technology Co., Ltd.",主板,AP,2026-08-31,,2026-08-31,待核实,,,,,,,https://www1.hkexnews.hk/app/sehk/2026/108855/documents/sehk26083102794.pdf,https://www1.hkexnews.hk/app/sehk/2026/108855/documents/sehk26083102793_c.pdf,
108856,普莱医药(江苏)股份有限公司 - B,"ProteLight Pharmaceuticals (Jiangsu) Co., Ltd. - B",主板,AP,2026-08-31,,2026-08-31,待核实,,,,,,,https://www1.hkexnews.hk/app/sehk/2026/108856/documents/sehk26083102866.pdf,https://www1.hkexnews.hk/app/sehk/2026/108856/documents/sehk26083102865_c.pdf,
108847,杭州邦顺制药股份有限公司 - B,"Hangzhou Bangshun Pharmaceutical Co., Ltd. - B",主板,AP,2026-08-30,,2026-08-30,待核实,,,,,,,https://www1.hkexnews.hk/app/sehk/2026/108847/documents/sehk26083000266.pdf,https://www1.hkexnews.hk/app/sehk/2026/108847/documents/sehk26083000265_c.pdf,
108849,北京星辰天合科技股份有限公司,"Beijing XSKY Technology Co., Ltd.",主板,AP,2026-08-30,,2026-08-30,待核实,,,,,,,https://www1.hkexnews.hk/app/sehk/2026/108849/documents/sehk26083000408.pdf,https://www1.hkexnews.hk/app/sehk/2026/108849/documents/sehk26083000407_c.pdf,
108846,博安通物联科技洛阳股份公司,Boantong Technologies Limited,GEM,AP,2026-08-30,,2026-08-30,待核实,,,,,,,https://www1.hkexnews.hk/app/gem/2026/108846/documents/gem26083000172.pdf,https://www1.hkexnews.hk/app/gem/2026/108846/documents/gem26083000171_c.pdf,
108805,镇江贝斯特新材料股份有限公司,"SSI New Material (Zhenjiang) Co., Ltd.",主板,AP,2026-08-21,,2026-08-28,待核实,,,,,,,https://www1.hkexnews.hk/app/sehk/2026/108805/documents/sehk26082101576.pdf,https://www1.hkexnews.hk/app/sehk/2026/108805/documents/sehk26082101575_c.pdf,
108824,深圳新宙邦科技股份有限公司,"SHENZHEN CAPCHEM TECHNOLOGY CO., LTD.",主板,AP,2026-08-28,,2026-08-28,待核实,,,,,,,https://www1.hkexnews.hk/app/sehk/2026/108824/documents/sehk26082802199.pdf,https://www1.hkexnews.hk/app/sehk/2026/108824/documents/sehk26082802198_c.pdf,
108825,维眸生物科技（浙江）股份有限公司 - B,"VivaVision Biotech (Zhejiang) Co., Ltd. - B",主板,AP,2026-08-28,,2026-08-28,待核实,,,,,,,https://www1.hkexnews.hk/app/sehk/2026/108825/documents/sehk26082802477.pdf,https://www1.hkexnews.hk/app/sehk/2026/108825/documents/sehk26082802476_c.pdf,
108826,浙江正泰电器股份有限公司,"Zhejiang Chint Electrics Co., Ltd.",主板,AP,2026-08-28,,2026-08-28,待核实,,,,,,,https://www1.hkexnews.hk/app/sehk/2026/108826/documents/sehk26082803207.pdf,https://www1.hkexnews.hk/app/sehk/2026/108826/documents/sehk26082803206.pdf,
108828,Frontera Therapeutics - B,Frontera Therapeutics - B,主板,AP,2026-08-28,,2026-08-28,待核实,,,,,,,https://www1.hkexnews.hk/app/sehk/2026/108828/documents/sehk26082803705.pdf,https://www1.hkexnews.hk/app/sehk/2026/108828/documents/sehk26082803704_c.pdf,
108829,贝达药业股份有限公司,"Betta Pharmaceuticals Co., Ltd.",主板,AP,2026-08-28,,2026-08-28,待核实,,,,,,,https://www1.hkexnews.hk/app/sehk/2026/108829/documents/sehk26082803861.pdf,https://www1.hkexnews.hk/app/sehk/2026/108829/documents/sehk26082803860_c.pdf,
108831,地中海度假集团,ClubMed Lifestyle Group,主板,AP,2026-08-28,,2026-08-28,待核实,,,,,,,https://www1.hkexnews.hk/app/sehk/2026/108831/documents/sehk26082803941.pdf,https://www1.hkexnews.hk/app/sehk/2026/108831/documents/sehk26082803940_c.pdf,
108832,Exegenesis Bio Inc. - B,Exegenesis Bio Inc. - B,主板,AP,2026-08-28,,2026-08-28,待核实,,,,,,,https://www1.hkexnews.hk/app/sehk/2026/108832/documents/sehk26082804043.pdf,https://www1.hkexnews.hk/app/sehk/2026/108832/documents/sehk26082804042_c.pdf,
108833,南京诺令生物科技股份有限公司 - B,"Nanjing Novlead Biotechnology Co., Ltd. - B",主板,AP,2026-08-28,,2026-08-28,待核实,,,,,,,https://www1.hkexnews.hk/app/sehk/2026/108833/documents/sehk26082804161.pdf,https://www1.hkexnews.hk/app/sehk/2026/108833/documents/sehk26082804160_c.pdf,
108798,深圳易慕峰生物科技股份有限公司 - B,"Shenzhen Immunofoco Biotechnology Co., Ltd. - B",主板,AP,2026-08-18,,2026-08-27,待核实,,,,,,,https://www1.hkexnews.hk/app/sehk/2026/108798/documents/sehk26081800036.pdf,https://www1.hkexnews.hk/app/sehk/2026/108798/documents/sehk26081800035_c.pdf,
108823,迪哲（江苏）医药股份有限公司,"Dizal Pharmaceutical Co., Ltd.",主板,AP,2026-08-27,,2026-08-27,待核实,,,,,,,https://www1.hkexnews.hk/app/sehk/2026/108823/documents/sehk26082702222.pdf,https://www1.hkexnews.hk/app/sehk/2026/108823/documents/sehk26082702221_c.pdf,
108821,征祥医药（南京）集团股份有限公司 - B,"Zenshine Pharmaceuticals (Nanjing) Group Co., Ltd. - B",主板,AP,2026-08-26,,2026-08-26,待核实,,,,,,,https://www1.hkexnews.hk/app/sehk/2026/108821/documents/sehk26082601974.pdf,https://www1.hkexnews.hk/app/sehk/2026/108821/documents/sehk26082601973_c.pdf,
108818,深圳市绿联科技股份有限公司,Ugreen Group Limited,主板,AP,2026-08-25,,2026-08-25,待核实,,,,,,,https://www1.hkexnews.hk/app/sehk/2026/108818/documents/sehk26082500276.pdf,https://www1.hkexnews.hk/app/sehk/2026/108818/documents/sehk26082500275_c.pdf,
108820,山东卓创资讯股份有限公司,"Sublime China Information Co., Ltd.",主板,AP,2026-08-25,,2026-08-25,待核实,,,,,,,https://www1.hkexnews.hk/app/sehk/2026/108820/documents/sehk26082502062.pdf,https://www1.hkexnews.hk/app/sehk/2026/108820/documents/sehk26082502061_c.pdf,
108819,焯力国际控股有限公司,Cheuk Power International Holding Limited,GEM,AP,2026-08-25,,2026-08-25,待核实,,,,,,,https://www1.hkexnews.hk/app/gem/2026/108819/documents/gem26082502234.pdf,https://www1.hkexnews.hk/app/gem/2026/108819/documents/gem26082502233_c.pdf,
108815,浙江荣泰电工器材股份有限公司,"Zhejiang Rongtai Electric Material Co., Ltd.",主板,AP,2026-08-24,,2026-08-24,待核实,,,,,,,https://www1.hkexnews.hk/app/sehk/2026/108815/documents/sehk26082401772.pdf,https://www1.hkexnews.hk/app/sehk/2026/108815/documents/sehk26082401771_c.pdf,
108816,上海移芯通信科技股份有限公司,"Shanghai Eigencomm Technologies Co., Ltd.",主板,AP,2026-08-24,,2026-08-24,待核实,,,,,,,https://www1.hkexnews.hk/app/sehk/2026/108816/documents/sehk26082402034.pdf,https://www1.hkexnews.hk/app/sehk/2026/108816/documents/sehk26082402033_c.pdf,
108790,深圳市远信储能技术股份有限公司,"RelyEZ Energy Storage Technology Co., Ltd.",主板,AP,2026-08-09,,2026-08-21,待核实,,,,,,,https://www1.hkexnews.hk/app/sehk/2026/108790/documents/sehk26080900120.pdf,https://www1.hkexnews.hk/app/sehk/2026/108790/documents/sehk26080900119_c.pdf,
108804,钱大妈国际控股有限公司,Qdama International Holding Ltd.,主板,AP,2026-08-21,,2026-08-21,待核实,,,,,,,https://www1.hkexnews.hk/app/sehk/2026/108804/documents/sehk26082101862.pdf,https://www1.hkexnews.hk/app/sehk/2026/108804/documents/sehk26082101861.pdf,
108806,益方生物科技（上海）股份有限公司 - B,"InventisBio Co., Limited - B",主板,AP,2026-08-21,,2026-08-21,待核实,,,,,,,https://www1.hkexnews.hk/app/sehk/2026/108806/documents/sehk26082101888.pdf,https://www1.hkexnews.hk/app/sehk/2026/108806/documents/sehk26082101887_c.pdf,
108809,Tyligand Bioscience Ltd. - B,Tyligand Bioscience Ltd. - B,主板,AP,2026-08-21,,2026-08-21,待核实,,,,,,,https://www1.hkexnews.hk/app/sehk/2026/108809/documents/sehk26082102082.pdf,https://www1.hkexnews.hk/app/sehk/2026/108809/documents/sehk26082102081_c.pdf,
108811,昆仑新能源材料技术（宜昌）股份有限公司,"Kunlun New Energy Materials Technology (Yichang) Co., Ltd.",主板,AP,2026-08-21,,2026-08-21,待核实,,,,,,,https://www1.hkexnews.hk/app/sehk/2026/108811/documents/sehk26082102278.pdf,https://www1.hkexnews.hk/app/sehk/2026/108811/documents/sehk26082102277_c.pdf,
108813,伊戈尔电气股份有限公司,"Eaglerise Electric & Electronic (CHINA) Co., Ltd.",主板,AP,2026-08-21,,2026-08-21,待核实,,,,,,,https://www1.hkexnews.hk/app/sehk/2026/108813/documents/sehk26082102534.pdf,https://www1.hkexnews.hk/app/sehk/2026/108813/documents/sehk26082102533_c.pdf,
108807,兴明亚洲控股有限公司,AHM Holdings Limited,GEM,AP,2026-08-21,,2026-08-21,待核实,,,,,,,https://www1.hkexnews.hk/app/gem/2026/108807/documents/gem26082102246.pdf,https://www1.hkexnews.hk/app/gem/2026/108807/documents/gem26082102245.pdf,
108802,君乐宝乳业集团股份有限公司,"Junlebao Dairy Group Co., Ltd.",主板,AP,2026-08-20,,2026-08-20,待核实,,,,,,,https://www1.hkexnews.hk/app/sehk/2026/108802/documents/sehk26082000220.pdf,https://www1.hkexnews.hk/app/sehk/2026/108802/documents/sehk26082000219_c.pdf,
108787,四川百利天恒药业股份有限公司 - B,"Sichuan Biokin Pharmaceutical Co., Ltd. - B",主板,AP,2026-08-06,,2026-08-20,待核实,,,,,,,https://www1.hkexnews.hk/app/sehk/2026/108787/documents/sehk26080601694.pdf,https://www1.hkexnews.hk/app/sehk/2026/108787/documents/sehk26080601693_c.pdf,
108803,博纳西亚（杭州）医药科技股份有限公司,"PANACRO (Hangzhou) Pharmaceutical Consulting Co., Ltd.",主板,AP,2026-08-20,,2026-08-20,待核实,,,,,,,https://www1.hkexnews.hk/app/sehk/2026/108803/documents/sehk26082001768.pdf,https://www1.hkexnews.hk/app/sehk/2026/108803/documents/sehk26082001767_c.pdf,
108801,未来穿戴健康科技股份有限公司,"SKG Health Technologies Co., Ltd.",主板,AP,2026-08-19,,2026-08-19,待核实,,,,,,,https://www1.hkexnews.hk/app/sehk/2026/108801/documents/sehk26081901724.pdf,https://www1.hkexnews.hk/app/sehk/2026/108801/documents/sehk26081901723_c.pdf,
108799,天津辰星技术股份有限公司 (前称为天津阿童木机器人股份有限公司),"Tianjin Chenxing Technology Co., Ltd. (formerly known as Tianjin Atomrobot Co., Ltd.)",主板,AP,2026-08-18,,2026-08-18,待核实,,,,,,,https://www1.hkexnews.hk/app/sehk/2026/108799/documents/sehk26081801658.pdf,https://www1.hkexnews.hk/app/sehk/2026/108799/documents/sehk26081801657_c.pdf,
108795,深圳市沃客非凡科技股份有限公司,"SHENZHEN WOKE TECHNOLOGY Co., LTD",主板,AP,2026-08-14,,2026-08-14,待核实,,,,,,,https://www1.hkexnews.hk/app/sehk/2026/108795/documents/sehk26081402024.pdf,https://www1.hkexnews.hk/app/sehk/2026/108795/documents/sehk26081402023_c.pdf,
108793,苏州泽璟生物制药股份有限公司,"Suzhou Zelgen Biopharmaceuticals Co., Ltd.",主板,AP,2026-08-12,,2026-08-12,待核实,,,,,,,https://www1.hkexnews.hk/app/sehk/2026/108793/documents/sehk26081201416.pdf,https://www1.hkexnews.hk/app/sehk/2026/108793/documents/sehk26081201415_c.pdf,
108792,杭州热联集团股份有限公司,"Hangzhou CIEC Group Co., Ltd.",主板,AP,2026-08-11,,2026-08-11,待核实,,,,,,,https://www1.hkexnews.hk/app/sehk/2026/108792/documents/sehk26081100442.pdf,https://www1.hkexnews.hk/app/sehk/2026/108792/documents/sehk26081100441_c.pdf,
108771,深圳粤十控股股份有限公司 (前称为深圳粤十数智股份有限公司),"Shenzhen Yueshi Holding Co., Ltd. (formerly known as Shenzhen Yueshi Digital Intelligence Co., Ltd.)",主板,AP,2026-07-29,,2026-08-10,待核实,,,,,,,https://www1.hkexnews.hk/app/sehk/2026/108771/documents/sehk26072900705.pdf,https://www1.hkexnews.hk/app/sehk/2026/108771/documents/sehk26072900704_c.pdf,
108791,Ever Glory United Holdings Limited,Ever Glory United Holdings Limited,主板,AP,2026-08-10,,2026-08-10,待核实,,,,,,,https://www1.hkexnews.hk/app/sehk/2026/108791/documents/sehk26081001283.pdf,https://www1.hkexnews.hk/app/sehk/2026/108791/documents/sehk26081001282_c.pdf,
108788,浙江浙能迈领绿航科技股份有限公司,"ZHEJIANG ENERGY MARINE ENVIRONMENTAL TECHNOLOGY CO., LTD",主板,AP,2026-08-07,,2026-08-07,待核实,,,,,,,https://www1.hkexnews.hk/app/sehk/2026/108788/documents/sehk26080701054.pdf,https://www1.hkexnews.hk/app/sehk/2026/108788/documents/sehk26080701053_c.pdf,
108789,勤浩医药（苏州）股份有限公司 - B,"Suzhou GenHouse Bio Co., Ltd. - B",主板,AP,2026-08-07,,2026-08-07,待核实,,,,,,,https://www1.hkexnews.hk/app/sehk/2026/108789/documents/sehk26080701538.pdf,https://www1.hkexnews.hk/app/sehk/2026/108789/documents/sehk26080701537_c.pdf,
108262,上海哥瑞利软件股份有限公司,"Glorysoft (Shanghai) Co., Ltd.",主板,PHIP,2026-03-02,2026-06-23,2026-08-07,国泰君安融资有限公司；民银资本有限公司,,,,,,,https://www1.hkexnews.hk/app/sehk/2026/108262/documents/sehk26062301714.pdf,https://www1.hkexnews.hk/app/sehk/2026/108262/documents/sehk26062301713_c.pdf,https://www1.hkexnews.hk/app/sehk/2026/108262/a134405/sehk26062301759.pdf
108786,杭州云动智能汽车技术股份有限公司,"Hangzhou Yodosmart Automotive Technology Co., Ltd.",主板,AP,2026-08-04,,2026-08-04,待核实,,,,,,,https://www1.hkexnews.hk/app/sehk/2026/108786/documents/sehk26080402104.pdf,https://www1.hkexnews.hk/app/sehk/2026/108786/documents/sehk26080402103_c.pdf,
108747,广东拓斯达科技股份有限公司,"Guangdong Topstar Technology Co., Ltd.",主板,AP,2026-07-20,,2026-08-02,待核实,,,,,,,https://www1.hkexnews.hk/app/sehk/2026/108747/documents/sehk26072000042.pdf,https://www1.hkexnews.hk/app/sehk/2026/108747/documents/sehk26072000041_c.pdf,
108740,保济元和(TCM)有限公司,JPJ (TCM) Limited,主板,AP,2026-07-17,,2026-07-31,待核实,,,,,,,https://www1.hkexnews.hk/app/sehk/2026/108740/documents/sehk26071701190.pdf,https://www1.hkexnews.hk/app/sehk/2026/108740/documents/sehk26071701189_c.pdf,
108776,立景创新科技股份有限公司,Luxvisions Innovation Technology Corp. Limited,主板,AP,2026-07-31,,2026-07-31,待核实,,,,,,,https://www1.hkexnews.hk/app/sehk/2026/108776/documents/sehk26073101890.pdf,https://www1.hkexnews.hk/app/sehk/2026/108776/documents/sehk26073101889_c.pdf,
108770,哈尔滨誉研堂中医门诊集团股份有限公司,"Harbin Yuyantang Traditional Chinese Medicine Outpatient Group Co., Ltd.",主板,AP,2026-07-30,,2026-07-30,待核实,,,,,,,https://www1.hkexnews.hk/app/sehk/2026/108770/documents/sehk26073000330.pdf,https://www1.hkexnews.hk/app/sehk/2026/108770/documents/sehk26073000329.pdf,
108774,卡奥斯物联科技股份有限公司,"COSMOPlat IoT Technology Co., Ltd.",主板,AP,2026-07-30,,2026-07-30,待核实,,,,,,,https://www1.hkexnews.hk/app/sehk/2026/108774/documents/sehk26073002134.pdf,https://www1.hkexnews.hk/app/sehk/2026/108774/documents/sehk26073002133_c.pdf,
108775,袁记食品集团股份有限公司,"YUEN KEE FOOD GROUP CO., LTD.",主板,AP,2026-07-30,,2026-07-30,待核实,,,,,,,https://www1.hkexnews.hk/app/sehk/2026/108775/documents/sehk26073002144.pdf,https://www1.hkexnews.hk/app/sehk/2026/108775/documents/sehk26073002143_c.pdf,
108772,常州星宇车灯股份有限公司,"Changzhou Xingyu Automotive Lighting Systems Co., Ltd.",主板,AP,2026-07-29,,2026-07-29,待核实,,,,,,,https://www1.hkexnews.hk/app/sehk/2026/108772/documents/sehk26072901708.pdf,https://www1.hkexnews.hk/app/sehk/2026/108772/documents/sehk26072901707_c.pdf,
108773,上海汉得信息技术股份有限公司,"Hand Enterprise Solutions Co., Ltd.",主板,AP,2026-07-29,,2026-07-29,待核实,,,,,,,https://www1.hkexnews.hk/app/sehk/2026/108773/documents/sehk26072901848.pdf,https://www1.hkexnews.hk/app/sehk/2026/108773/documents/sehk26072901847_c.pdf,
108768,宁波德业科技股份有限公司,Ningbo Deye Technology Corporation,主板,AP,2026-07-28,,2026-07-28,待核实,,,,,,,https://www1.hkexnews.hk/app/sehk/2026/108768/documents/sehk26072800883.pdf,https://www1.hkexnews.hk/app/sehk/2026/108768/documents/sehk26072800882_c.pdf,
108769,聚辰半导体股份有限公司,Giantec Semiconductor Corporation,主板,AP,2026-07-28,,2026-07-28,待核实,,,,,,,https://www1.hkexnews.hk/app/sehk/2026/108769/documents/sehk26072800992.pdf,https://www1.hkexnews.hk/app/sehk/2026/108769/documents/sehk26072800991_c.pdf,
108737,用友网络科技股份有限公司,"Yonyou Network Technology Co., Ltd.",主板,AP,2026-07-15,,2026-07-27,待核实,,,,,,,https://www1.hkexnews.hk/app/sehk/2026/108737/documents/sehk26071500938.pdf,https://www1.hkexnews.hk/app/sehk/2026/108737/documents/sehk26071500937_c.pdf,
108767,斯坦德机器人（无锡）股份有限公司,"Standard Robots (Wuxi) Co., Ltd.",主板,AP,2026-07-27,,2026-07-27,待核实,,,,,,,https://www1.hkexnews.hk/app/sehk/2026/108767/documents/sehk26072701068.pdf,https://www1.hkexnews.hk/app/sehk/2026/108767/documents/sehk26072701067_c.pdf,
108735,济南建邦金属材料股份有限公司 (前称为建邦材料有限公司),"Jinan Janbon Metallic Materials Co., Ltd. (formerly known as Janbon Materials Co., Ltd.)",主板,AP,2026-07-14,,2026-07-24,待核实,,,,,,,https://www1.hkexnews.hk/app/sehk/2026/108735/documents/sehk26071401399.pdf,https://www1.hkexnews.hk/app/sehk/2026/108735/documents/sehk26071401398.pdf,
108752,众安信科(深圳)股份有限公司,"ZhongAn Information Technology (Shenzhen) Co., Ltd.",主板,AP,2026-07-24,,2026-07-24,待核实,,,,,,,https://www1.hkexnews.hk/app/sehk/2026/108752/documents/sehk26072401795.pdf,https://www1.hkexnews.hk/app/sehk/2026/108752/documents/sehk26072401794.pdf,
108754,北京普祺医药科技股份有限公司 - B,"PrimeGenX Therapeutics Co., Ltd. - B",主板,AP,2026-07-24,,2026-07-24,待核实,,,,,,,https://www1.hkexnews.hk/app/sehk/2026/108754/documents/sehk26072401933.pdf,https://www1.hkexnews.hk/app/sehk/2026/108754/documents/sehk26072401932_c.pdf,
108755,广州新济医药股份有限公司 - B,"Guangzhou Novaken Pharm Co., Ltd. - B",主板,AP,2026-07-24,,2026-07-24,待核实,,,,,,,https://www1.hkexnews.hk/app/sehk/2026/108755/documents/sehk26072402029.pdf,https://www1.hkexnews.hk/app/sehk/2026/108755/documents/sehk26072402028_c.pdf,
108753,安联国际控股有限公司,Arrano International Holdings Limited,GEM,AP,2026-07-24,,2026-07-24,待核实,,,,,,,https://www1.hkexnews.hk/app/gem/2026/108753/documents/gem26072401627.pdf,https://www1.hkexnews.hk/app/gem/2026/108753/documents/gem26072401626_c.pdf,
108732,江苏知原药业股份有限公司,"Ziyond Pharmaceutical Co., Ltd.",主板,AP,2026-07-09,,2026-07-23,待核实,,,,,,,https://www1.hkexnews.hk/app/sehk/2026/108732/documents/sehk26070900219.pdf,https://www1.hkexnews.hk/app/sehk/2026/108732/documents/sehk26070900218_c.pdf,
108749,广西百菲乳业股份有限公司,"Guangxi Baifei Dairy Co., Ltd.",主板,AP,2026-07-22,,2026-07-22,待核实,,,,,,,https://www1.hkexnews.hk/app/sehk/2026/108749/documents/sehk26072200212.pdf,https://www1.hkexnews.hk/app/sehk/2026/108749/documents/sehk26072200211_c.pdf,
108730,深圳市铂科新材料股份有限公司,"POCO Holding Co., Ltd.",主板,AP,2026-07-08,,2026-07-22,待核实,,,,,,,https://www1.hkexnews.hk/app/sehk/2026/108730/documents/sehk26070801013.pdf,https://www1.hkexnews.hk/app/sehk/2026/108730/documents/sehk26070801012.pdf,
108750,臻驱科技（上海）股份有限公司,"Leadrive Technology (SHANGHAI) Co., Ltd.",主板,AP,2026-07-22,,2026-07-22,待核实,,,,,,,https://www1.hkexnews.hk/app/sehk/2026/108750/documents/sehk26072201076.pdf,https://www1.hkexnews.hk/app/sehk/2026/108750/documents/sehk26072201075_c.pdf,
108751,上海生生医药冷链科技股份有限公司,"Shanghai Shengsheng Pharmaceutical Cold Chain Technology Co., Ltd.",主板,AP,2026-07-22,,2026-07-22,待核实,,,,,,,https://www1.hkexnews.hk/app/sehk/2026/108751/documents/sehk26072201244.pdf,https://www1.hkexnews.hk/app/sehk/2026/108751/documents/sehk26072201243_c.pdf,
108748,芯迈半导体技术(杭州)股份有限公司,"Silicon Magic Semiconductor Technology (Hangzhou) Co., Ltd.",主板,AP,2026-07-20,,2026-07-20,待核实,,,,,,,https://www1.hkexnews.hk/app/sehk/2026/108748/documents/sehk26072001318.pdf,https://www1.hkexnews.hk/app/sehk/2026/108748/documents/sehk26072001317_c.pdf,
108746,奥动新能源股份有限公司,"Aulton New Energy Co., Ltd.",主板,AP,2026-07-19,,2026-07-19,待核实,,,,,,,https://www1.hkexnews.hk/app/sehk/2026/108746/documents/sehk26071900090.pdf,https://www1.hkexnews.hk/app/sehk/2026/108746/documents/sehk26071900089_c.pdf,
108738,Immvira Bioscience Inc. - B,Immvira Bioscience Inc. - B,主板,AP,2026-07-16,,2026-07-16,待核实,,,,,,,https://www1.hkexnews.hk/app/sehk/2026/108738/documents/sehk26071600800.pdf,https://www1.hkexnews.hk/app/sehk/2026/108738/documents/sehk26071600799_c.pdf,
108701,北京硅基流动科技股份有限公司 - P,"Beijing SiliconFlow Technology Co., Ltd. - P",主板,AP,2026-06-30,,2026-07-14,待核实,,,,,,,https://www1.hkexnews.hk/app/sehk/2026/108701/documents/sehk26063002928.pdf,https://www1.hkexnews.hk/app/sehk/2026/108701/documents/sehk26063002927_c.pdf,
108703,龙迅半导体（合肥）股份有限公司,Lontium Semiconductor Corporation,主板,AP,2026-06-30,,2026-07-14,待核实,,,,,,,https://www1.hkexnews.hk/app/sehk/2026/108703/documents/sehk26063003290.pdf,https://www1.hkexnews.hk/app/sehk/2026/108703/documents/sehk26063003289_c.pdf,
108702,通奥检测集团股份有限公司,"T-ALL Inspection Group Co., Ltd.",主板,AP,2026-06-30,,2026-07-14,待核实,,,,,,,https://www1.hkexnews.hk/app/sehk/2026/108702/documents/sehk26063003204.pdf,https://www1.hkexnews.hk/app/sehk/2026/108702/documents/sehk26063003203_c.pdf,
108736,深圳市威兆半导体股份有限公司,"Shenzhen Vergiga Semiconductor Co., Ltd.",主板,AP,2026-07-14,,2026-07-14,待核实,,,,,,,https://www1.hkexnews.hk/app/sehk/2026/108736/documents/sehk26071401249.pdf,https://www1.hkexnews.hk/app/sehk/2026/108736/documents/sehk26071401248_c.pdf,
108700,江苏嘉轩智能工业科技股份有限公司,"Jiangsu Jasung Intelligent Industrial Technology Co., Ltd.",主板,AP,2026-06-30,,2026-07-13,待核实,,,,,,,https://www1.hkexnews.hk/app/sehk/2026/108700/documents/sehk26063002654.pdf,https://www1.hkexnews.hk/app/sehk/2026/108700/documents/sehk26063002653_c.pdf,
108697,四川远海国际旅行社股份有限公司,Hiseas International Tourism Group,主板,AP,2026-06-30,,2026-07-13,待核实,,,,,,,https://www1.hkexnews.hk/app/sehk/2026/108697/documents/sehk26063000694.pdf,https://www1.hkexnews.hk/app/sehk/2026/108697/documents/sehk26063000693_c.pdf,
108734,杭州铂科电子股份有限公司,"Hangzhou BOCO Electronics Co., Ltd.",主板,AP,2026-07-13,,2026-07-13,待核实,,,,,,,https://www1.hkexnews.hk/app/sehk/2026/108734/documents/sehk26071301148.pdf,https://www1.hkexnews.hk/app/sehk/2026/108734/documents/sehk26071301147_c.pdf,
108686,大秦数字能源技术股份有限公司,"Dyness Digital Energy Technology Co., Ltd.",主板,AP,2026-06-26,,2026-07-10,待核实,,,,,,,https://www1.hkexnews.hk/app/sehk/2026/108686/documents/sehk26062602744.pdf,https://www1.hkexnews.hk/app/sehk/2026/108686/documents/sehk26062602743_c.pdf,
108733,芯天下技术股份有限公司,XTX Technology Inc.,主板,AP,2026-07-10,,2026-07-10,待核实,,,,,,,https://www1.hkexnews.hk/app/sehk/2026/108733/documents/sehk26071001544.pdf,https://www1.hkexnews.hk/app/sehk/2026/108733/documents/sehk26071001543_c.pdf,
108689,Yueyuan Group Holdings Company Limited,Yueyuan Group Holdings Company Limited,GEM,AP,2026-06-29,,2026-07-09,待核实,,,,,,,https://www1.hkexnews.hk/app/gem/2026/108689/documents/gem26062900162.pdf,https://www1.hkexnews.hk/app/gem/2026/108689/documents/gem26062900161_c.pdf,
108684,深圳麦格米特电气股份有限公司,"Shenzhen Megmeet Electrical Co., Ltd.",主板,AP,2026-06-26,,2026-07-08,待核实,,,,,,,https://www1.hkexnews.hk/app/sehk/2026/108684/documents/sehk26062601348.pdf,https://www1.hkexnews.hk/app/sehk/2026/108684/documents/sehk26062601347_c.pdf,
108731,明宇制药有限公司 - B,Ming Yu Pharmaceutical Limited - B,主板,AP,2026-07-08,,2026-07-08,待核实,,,,,,,https://www1.hkexnews.hk/app/sehk/2026/108731/documents/sehk26070801143.pdf,https://www1.hkexnews.hk/app/sehk/2026/108731/documents/sehk26070801142_c.pdf,
108729,广州视源电子科技股份有限公司,Guangzhou Shiyuan Electronic Technology Company Limited,主板,AP,2026-07-07,,2026-07-07,待核实,,,,,,,https://www1.hkexnews.hk/app/sehk/2026/108729/documents/sehk26070701752.pdf,https://www1.hkexnews.hk/app/sehk/2026/108729/documents/sehk26070701751_c.pdf,
108667,盯盯拍（深圳）技术股份有限公司,"DDPai Technology Co., Ltd.",主板,AP,2026-06-22,,2026-07-06,待核实,,,,,,,https://www1.hkexnews.hk/app/sehk/2026/108667/documents/sehk26062201734.pdf,https://www1.hkexnews.hk/app/sehk/2026/108667/documents/sehk26062201733.pdf,
108728,湖北鼎龙控股股份有限公司,"Hubei Dinglong Co., Ltd.",主板,AP,2026-07-06,,2026-07-06,待核实,,,,,,,https://www1.hkexnews.hk/app/sehk/2026/108728/documents/sehk26070601201.pdf,https://www1.hkexnews.hk/app/sehk/2026/108728/documents/sehk26070601200_c.pdf,
108674,岸迈生物科技有限公司 - B,EpimAb Biotherapeutics Inc. - B,主板,AP,2026-06-24,,2026-07-06,待核实,,,,,,,https://www1.hkexnews.hk/app/sehk/2026/108674/documents/sehk26062401485.pdf,https://www1.hkexnews.hk/app/sehk/2026/108674/documents/sehk26062401484_c.pdf,
108666,上海悦普数智科技股份有限公司,"Shanghai Yuepu Digital Intelligence Technology Co., Ltd.",主板,AP,2026-06-22,,2026-07-06,待核实,,,,,,,https://www1.hkexnews.hk/app/sehk/2026/108666/documents/sehk26062201402.pdf,https://www1.hkexnews.hk/app/sehk/2026/108666/documents/sehk26062201401_c.pdf,
108726,新思考电机股份有限公司,"New Shicoh Motor Co., Ltd.",主板,AP,2026-07-05,,2026-07-05,待核实,,,,,,,https://www1.hkexnews.hk/app/sehk/2026/108726/documents/sehk26070500036.pdf,https://www1.hkexnews.hk/app/sehk/2026/108726/documents/sehk26070500035_c.pdf,
108712,深圳宏芯宇电子股份有限公司,"HOSIN Global Electronics Co., Ltd.",主板,AP,2026-07-03,,2026-07-03,待核实,,,,,,,https://www1.hkexnews.hk/app/sehk/2026/108712/documents/sehk26070300014.pdf,https://www1.hkexnews.hk/app/sehk/2026/108712/documents/sehk26070300013_c.pdf,
108713,景泽生物医药（合肥）股份有限公司 - B,"Jingze Biopharmaceutical (Hefei) Co., Ltd. - B",主板,AP,2026-07-03,,2026-07-03,待核实,,,,,,,https://www1.hkexnews.hk/app/sehk/2026/108713/documents/sehk26070302614.pdf,https://www1.hkexnews.hk/app/sehk/2026/108713/documents/sehk26070302613_c.pdf,
108711,礼鼎半导体科技（深圳）股份有限公司,"Leading Interconnect Semiconductor Technology (Shenzhen) Co., Ltd.",主板,AP,2026-07-02,,2026-07-02,待核实,,,,,,,https://www1.hkexnews.hk/app/sehk/2026/108711/documents/sehk26070201322.pdf,https://www1.hkexnews.hk/app/sehk/2026/108711/documents/sehk26070201321.pdf,
108696,科郦有限公司,COREE Company Limited,主板,AP,2026-06-30,,2026-06-30,待核实,,,,,,,https://www1.hkexnews.hk/app/sehk/2026/108696/documents/sehk26063000536.pdf,https://www1.hkexnews.hk/app/sehk/2026/108696/documents/sehk26063000535_c.pdf,
108652,北京融信数联科技股份有限公司,"Beijing Rongxin Datainfo Science and Technology Co., Ltd.",主板,AP,2026-06-17,,2026-06-30,待核实,,,,,,,https://www1.hkexnews.hk/app/sehk/2026/108652/documents/sehk26061701131.pdf,https://www1.hkexnews.hk/app/sehk/2026/108652/documents/sehk26061701130.pdf,
108698,上海森亿智慧信息科技股份有限公司 (前称为上海森亿医疗科技股份有限公司),"Shanghai Synyi Intelligent Technology Co., Ltd. (formerly known as Shanghai Synyi Medical Technology Co., Ltd.)",主板,AP,2026-06-30,,2026-06-30,待核实,,,,,,,https://www1.hkexnews.hk/app/sehk/2026/108698/documents/sehk26063000822.pdf,https://www1.hkexnews.hk/app/sehk/2026/108698/documents/sehk26063000821_c.pdf,
108699,阿维塔科技(重庆)股份有限公司,AVATR Technology (Chongqing) Company Limited,主板,AP,2026-06-30,,2026-06-30,待核实,,,,,,,https://www1.hkexnews.hk/app/sehk/2026/108699/documents/sehk26063002318.pdf,https://www1.hkexnews.hk/app/sehk/2026/108699/documents/sehk26063002317_c.pdf,
108653,江苏博迁新材料股份有限公司,"Jiangsu Boqian New Materials Stock Co., Ltd.",主板,AP,2026-06-17,,2026-06-30,待核实,,,,,,,https://www1.hkexnews.hk/app/sehk/2026/108653/documents/sehk26061701457.pdf,https://www1.hkexnews.hk/app/sehk/2026/108653/documents/sehk26061701456.pdf,
108648,深圳库博能源股份有限公司,"Shenzhen Cubenergy Co., Ltd.",主板,AP,2026-06-16,,2026-06-30,待核实,,,,,,,https://www1.hkexnews.hk/app/sehk/2026/108648/documents/sehk26061601691.pdf,https://www1.hkexnews.hk/app/sehk/2026/108648/documents/sehk26061601690_c.pdf,
108705,深圳市道通科技股份有限公司,"Autel Intelligent Technology Corp., Ltd.",主板,AP,2026-06-30,,2026-06-30,待核实,,,,,,,https://www1.hkexnews.hk/app/sehk/2026/108705/documents/sehk26063003394.pdf,https://www1.hkexnews.hk/app/sehk/2026/108705/documents/sehk26063003393_c.pdf,
108706,Joint Stock Company National Company Kazakhstan Temir Zholy,Joint Stock Company National Company Kazakhstan Temir Zholy,主板,AP,2026-06-30,,2026-06-30,待核实,,,,,,,https://www1.hkexnews.hk/app/sehk/2026/108706/documents/sehk26063003580.pdf,https://www1.hkexnews.hk/app/sehk/2026/108706/documents/sehk26063003579_c.pdf,
108708,山东省环能设计院股份有限公司,Shandong Huanneng Design Institute Company Limited,主板,AP,2026-06-30,,2026-06-30,待核实,,,,,,,https://www1.hkexnews.hk/app/sehk/2026/108708/documents/sehk26063003672.pdf,https://www1.hkexnews.hk/app/sehk/2026/108708/documents/sehk26063003671_c.pdf,
108707,广州豪特节能环保科技股份有限公司,"Guangzhou Haote Energy Saving Technology Co., Ltd.",主板,AP,2026-06-30,,2026-06-30,待核实,,,,,,,https://www1.hkexnews.hk/app/sehk/2026/108707/documents/sehk26063003596.pdf,https://www1.hkexnews.hk/app/sehk/2026/108707/documents/sehk26063003595_c.pdf,
108709,成都欧林生物科技股份有限公司,Chengdu Olymvax Biopharmaceuticals Inc.,主板,AP,2026-06-30,,2026-06-30,待核实,,,,,,,https://www1.hkexnews.hk/app/sehk/2026/108709/documents/sehk26063003758.pdf,https://www1.hkexnews.hk/app/sehk/2026/108709/documents/sehk26063003757_c.pdf,
108710,物泊科技股份有限公司,"Wubo Technology Co., Ltd.",主板,AP,2026-06-30,,2026-06-30,待核实,,,,,,,https://www1.hkexnews.hk/app/sehk/2026/108710/documents/sehk26063003834.pdf,https://www1.hkexnews.hk/app/sehk/2026/108710/documents/sehk26063003833_c.pdf,
108695,深圳普赢创新科技股份有限公司,Shenzhen Pu Ying Innovation Technology Corporation Limited,GEM,AP,2026-06-30,,2026-06-30,待核实,,,,,,,https://www1.hkexnews.hk/app/gem/2026/108695/documents/gem26063000360.pdf,https://www1.hkexnews.hk/app/gem/2026/108695/documents/gem26063000359_c.pdf,
108690,盛威时代科技股份有限公司,"Shengwei Times Technology Co., Ltd.",主板,AP,2026-06-29,,2026-06-29,待核实,,,,,,,https://www1.hkexnews.hk/app/sehk/2026/108690/documents/sehk26062900564.pdf,https://www1.hkexnews.hk/app/sehk/2026/108690/documents/sehk26062900563_c.pdf,
108650,北京云中融信网络科技股份有限公司,"Beijing RC Tech Co., Ltd.",主板,AP,2026-06-16,,2026-06-29,待核实,,,,,,,https://www1.hkexnews.hk/app/sehk/2026/108650/documents/sehk26061601965.pdf,https://www1.hkexnews.hk/app/sehk/2026/108650/documents/sehk26061601964_c.pdf,
108639,视觉（中国）文化发展股份有限公司,"VISUAL CHINA GROUP CO., LTD.",主板,AP,2026-06-14,,2026-06-29,待核实,,,,,,,https://www1.hkexnews.hk/app/sehk/2026/108639/documents/sehk26061400174.pdf,https://www1.hkexnews.hk/app/sehk/2026/108639/documents/sehk26061400173_c.pdf,
108692,北京盛景网联科技服务股份有限公司,"Beijing Shengjing Wanglian Science and Technology Service Co., Ltd.",主板,AP,2026-06-29,,2026-06-29,待核实,,,,,,,https://www1.hkexnews.hk/app/sehk/2026/108692/documents/sehk26062901798.pdf,https://www1.hkexnews.hk/app/sehk/2026/108692/documents/sehk26062901797_c.pdf,
108649,"Growatt Technology Co., Ltd","Growatt Technology Co., Ltd",主板,AP,2026-06-16,,2026-06-29,待核实,,,,,,,https://www1.hkexnews.hk/app/sehk/2026/108649/documents/sehk26061601771.pdf,https://www1.hkexnews.hk/app/sehk/2026/108649/documents/sehk26061601770_c.pdf,
108693,Yangtuo Holdings Inc.,Yangtuo Holdings Inc.,主板,AP,2026-06-29,,2026-06-29,待核实,,,,,,,https://www1.hkexnews.hk/app/sehk/2026/108693/documents/sehk26062902402.pdf,https://www1.hkexnews.hk/app/sehk/2026/108693/documents/sehk26062902401.pdf,
108694,武汉联特科技股份有限公司,"Linktel Technologies Co., Ltd.",主板,AP,2026-06-29,,2026-06-29,待核实,,,,,,,https://www1.hkexnews.hk/app/sehk/2026/108694/documents/sehk26062902260.pdf,https://www1.hkexnews.hk/app/sehk/2026/108694/documents/sehk26062902259_c.pdf,
108641,开封清明上河园股份有限公司,Kaifeng Millennium City Park Inc.,主板,AP,2026-06-15,,2026-06-28,待核实,,,,,,,https://www1.hkexnews.hk/app/sehk/2026/108641/documents/sehk26061500394.pdf,https://www1.hkexnews.hk/app/sehk/2026/108641/documents/sehk26061500393.pdf,
108682,复星安特金（成都）生物制药股份有限公司,"Fosun Adgenvax (Chengdu) Biopharmaceutical Co., Ltd.",主板,AP,2026-06-26,,2026-06-26,待核实,,,,,,,https://www1.hkexnews.hk/app/sehk/2026/108682/documents/sehk26062601139.pdf,https://www1.hkexnews.hk/app/sehk/2026/108682/documents/sehk26062601138_c.pdf,
108685,浙江新瑞立汽配股份有限公司,"Zhejiang New SORL Auto Parts Co., Ltd.",主板,AP,2026-06-26,,2026-06-26,待核实,,,,,,,https://www1.hkexnews.hk/app/sehk/2026/108685/documents/sehk26062601710.pdf,https://www1.hkexnews.hk/app/sehk/2026/108685/documents/sehk26062601709_c.pdf,
108687,深圳华大北斗科技股份有限公司,"Allystar Technology (Shenzhen) Co., Ltd.",主板,AP,2026-06-26,,2026-06-26,待核实,,,,,,,https://www1.hkexnews.hk/app/sehk/2026/108687/documents/sehk26062602940.pdf,https://www1.hkexnews.hk/app/sehk/2026/108687/documents/sehk26062602939_c.pdf,
108688,上海联泰科技股份有限公司,Shanghai Union Technology Corporation,主板,AP,2026-06-26,,2026-06-26,待核实,,,,,,,https://www1.hkexnews.hk/app/sehk/2026/108688/documents/sehk26062603130.pdf,https://www1.hkexnews.hk/app/sehk/2026/108688/documents/sehk26062603129_c.pdf,
108390,永康控股有限公司,EKH Limited,主板,PHIP,2026-04-01,2026-06-26,2026-06-26,华富建业企业融资有限公司；同人融资有限公司,02523,2026-06-30,2026-07-08,2026-07-09,2026-07-13,此次发售及上市不予进行,https://www1.hkexnews.hk/app/sehk/2026/108390/documents/sehk26062603258.pdf,https://www1.hkexnews.hk/app/sehk/2026/108390/documents/sehk26062603257_c.pdf,https://www1.hkexnews.hk/app/sehk/2026/108390/a134635/sehk26062603304.pdf
108676,杭州灵卡科技股份有限公司,"Hangzhou Lygo Technology Co., Ltd.",主板,AP,2026-06-25,,2026-06-25,待核实,,,,,,,https://www1.hkexnews.hk/app/sehk/2026/108676/documents/sehk26062500407.pdf,https://www1.hkexnews.hk/app/sehk/2026/108676/documents/sehk26062500406.pdf,
108679,维健国际控股集团有限公司,WinHealth International Holding Group Company Limited,主板,AP,2026-06-25,,2026-06-25,待核实,,,,,,,https://www1.hkexnews.hk/app/sehk/2026/108679/documents/sehk26062500974.pdf,https://www1.hkexnews.hk/app/sehk/2026/108679/documents/sehk26062500973_c.pdf,
108637,宁波三星医疗电气股份有限公司,"Ningbo Sanxing Medical Electric Co., Ltd.",主板,AP,2026-06-12,,2026-06-25,待核实,,,,,,,https://www1.hkexnews.hk/app/sehk/2026/108637/documents/sehk26061202115.pdf,https://www1.hkexnews.hk/app/sehk/2026/108637/documents/sehk26061202114_c.pdf,
108680,环球园艺有限公司,"CSW Inc. (formerly known as Consumer Solutions Worldwide (CSW), (Cayman) Limited)",主板,AP,2026-06-25,,2026-06-25,待核实,,,,,,,https://www1.hkexnews.hk/app/sehk/2026/108680/documents/sehk26062502081.pdf,https://www1.hkexnews.hk/app/sehk/2026/108680/documents/sehk26062502080_c.pdf,
108681,神基制药有限公司,NeuroGen Pharma Limited,主板,AP,2026-06-25,,2026-06-25,待核实,,,,,,,https://www1.hkexnews.hk/app/sehk/2026/108681/documents/sehk26062502157.pdf,https://www1.hkexnews.hk/app/sehk/2026/108681/documents/sehk26062502156_c.pdf,
108629,深圳市丰宜科技集团股份有限公司,"Shenzhen Fengyi Technology Group Co., Ltd.",主板,AP,2026-06-10,,2026-06-24,待核实,,,,,,,https://www1.hkexnews.hk/app/sehk/2026/108629/documents/sehk26061000308.pdf,https://www1.hkexnews.hk/app/sehk/2026/108629/documents/sehk26061000307_c.pdf,
108675,紫讯技术（福建）股份有限公司,"Zixun Technology (Fujian) Co., Ltd.",主板,AP,2026-06-24,,2026-06-24,待核实,,,,,,,https://www1.hkexnews.hk/app/sehk/2026/108675/documents/sehk26062401557.pdf,https://www1.hkexnews.hk/app/sehk/2026/108675/documents/sehk26062401556_c.pdf,
108646,上海君赛生物股份有限公司 - B,"Shanghai Juncell Therapeutics Co., Ltd. - B",主板,AP,2026-06-16,,2026-06-24,待核实,,,,,,,https://www1.hkexnews.hk/app/sehk/2026/108646/documents/sehk26061600394.pdf,https://www1.hkexnews.hk/app/sehk/2026/108646/documents/sehk26061600393_c.pdf,
108673,极豪科技（天津）股份有限公司,"JIIOV Technology (Tianjin) Co., Ltd.",主板,AP,2026-06-24,,2026-06-24,待核实,,,,,,,https://www1.hkexnews.hk/app/sehk/2026/108673/documents/sehk26062401801.pdf,https://www1.hkexnews.hk/app/sehk/2026/108673/documents/sehk26062401800_c.pdf,
108632,安徽华创新材料股份有限公司,"Anhui Huachuang New Materials Co., Ltd.",主板,AP,2026-06-11,,2026-06-23,待核实,,,,,,,https://www1.hkexnews.hk/app/sehk/2026/108632/documents/sehk26061100226.pdf,https://www1.hkexnews.hk/app/sehk/2026/108632/documents/sehk26061100225_c.pdf,
108627,广东同亚科技股份有限公司,"Guangdong TOYA Technology Co., Ltd.",主板,AP,2026-06-09,,2026-06-23,待核实,,,,,,,https://www1.hkexnews.hk/app/sehk/2026/108627/documents/sehk26060901287.pdf,https://www1.hkexnews.hk/app/sehk/2026/108627/documents/sehk26060901286_c.pdf,
108671,无锡东恒新能源科技股份有限公司,"Wuxi Dongheng New Energy Technology Co., Ltd.",主板,AP,2026-06-23,,2026-06-23,待核实,,,,,,,https://www1.hkexnews.hk/app/sehk/2026/108671/documents/sehk26062301349.pdf,https://www1.hkexnews.hk/app/sehk/2026/108671/documents/sehk26062301348_c.pdf,
108672,孩子王儿童用品股份有限公司,"Kidswant Children Products Co., Ltd.",主板,AP,2026-06-23,,2026-06-23,待核实,,,,,,,https://www1.hkexnews.hk/app/sehk/2026/108672/documents/sehk26062301872.pdf,https://www1.hkexnews.hk/app/sehk/2026/108672/documents/sehk26062301871.pdf,
108668,潍柴雷沃智慧农业科技股份有限公司,"Weichai Lovol Intelligent Agricultural Technology Co., Ltd.",主板,AP,2026-06-22,,2026-06-22,待核实,,,,,,,https://www1.hkexnews.hk/app/sehk/2026/108668/documents/sehk26062201516.pdf,https://www1.hkexnews.hk/app/sehk/2026/108668/documents/sehk26062201515_c.pdf,
108669,太合音乐集团,Taihe Music Group,主板,AP,2026-06-22,,2026-06-22,待核实,,,,,,,https://www1.hkexnews.hk/app/sehk/2026/108669/documents/sehk26062201788.pdf,https://www1.hkexnews.hk/app/sehk/2026/108669/documents/sehk26062201787_c.pdf,
108483,坦博尔集团股份有限公司,"Tanboer Group Co., Ltd.",主板,PHIP,2026-04-29,2026-06-21,2026-06-21,中国国际金融香港证券有限公司,,,,,,,https://www1.hkexnews.hk/app/sehk/2026/108483/documents/sehk26062100126.pdf,https://www1.hkexnews.hk/app/sehk/2026/108483/documents/sehk26062100125_c.pdf,https://www1.hkexnews.hk/app/sehk/2026/108483/a134307/sehk26062100172.pdf
108655,数说故事人工智能科技股份有限公司,"DataStory Artificial Intelligence Technology Co., Ltd.",主板,AP,2026-06-18,,2026-06-18,待核实,,,,,,,https://www1.hkexnews.hk/app/sehk/2026/108655/documents/sehk26061801751.pdf,https://www1.hkexnews.hk/app/sehk/2026/108655/documents/sehk26061801750_c.pdf,
108657,广州知易生物科技股份有限公司 - B,"Guangzhou Zhiyi Biotechnology Co., Ltd. - B",主板,AP,2026-06-18,,2026-06-18,待核实,,,,,,,https://www1.hkexnews.hk/app/sehk/2026/108657/documents/sehk26061801931.pdf,https://www1.hkexnews.hk/app/sehk/2026/108657/documents/sehk26061801930_c.pdf,
108660,石药创新制药股份有限公司,"CSPC Innovation Pharmaceutical Co., Ltd.",主板,AP,2026-06-18,,2026-06-18,待核实,,,,,,,https://www1.hkexnews.hk/app/sehk/2026/108660/documents/sehk26061802175.pdf,https://www1.hkexnews.hk/app/sehk/2026/108660/documents/sehk26061802174_c.pdf,
108651,聚慧食品科技有限公司,"Juhui Food Technology Co., Ltd",主板,AP,2026-06-17,,2026-06-17,待核实,,,,,,,https://www1.hkexnews.hk/app/sehk/2026/108651/documents/sehk26061700701.pdf,https://www1.hkexnews.hk/app/sehk/2026/108651/documents/sehk26061700700_c.pdf,
108654,巴奴国际控股有限公司,BANU INTERNATIONAL HOLDING LTD,主板,AP,2026-06-17,,2026-06-17,待核实,,,,,,,https://www1.hkexnews.hk/app/sehk/2026/108654/documents/sehk26061701847.pdf,https://www1.hkexnews.hk/app/sehk/2026/108654/documents/sehk26061701846_c.pdf,
108647,北京四方继保自动化股份有限公司,"Beijing Sifang Automation Co., Ltd.",主板,AP,2026-06-16,,2026-06-16,待核实,,,,,,,https://www1.hkexnews.hk/app/sehk/2026/108647/documents/sehk26061600484.pdf,https://www1.hkexnews.hk/app/sehk/2026/108647/documents/sehk26061600483_c.pdf,
108645,救世集团有限公司,Savewo Group Limited,GEM,AP,2026-06-16,,2026-06-16,待核实,,,,,,,https://www1.hkexnews.hk/app/gem/2026/108645/documents/gem26061600044.pdf,https://www1.hkexnews.hk/app/gem/2026/108645/documents/gem26061600043_c.pdf,
108642,江苏鼎泰药物研究(集团)股份有限公司,"TriApex Laboratories Co., Ltd.",主板,AP,2026-06-15,,2026-06-15,待核实,,,,,,,https://www1.hkexnews.hk/app/sehk/2026/108642/documents/sehk26061501627.pdf,https://www1.hkexnews.hk/app/sehk/2026/108642/documents/sehk26061501626_c.pdf,
108643,凌科药业（浙江）股份有限公司 - B,"Lynk Pharmaceuticals Co., Ltd. - B",主板,AP,2026-06-15,,2026-06-15,待核实,,,,,,,https://www1.hkexnews.hk/app/sehk/2026/108643/documents/sehk26061501863.pdf,https://www1.hkexnews.hk/app/sehk/2026/108643/documents/sehk26061501862_c.pdf,
108644,宁波韵升股份有限公司,"Ningbo Yunsheng Co., Ltd.",主板,AP,2026-06-15,,2026-06-15,待核实,,,,,,,https://www1.hkexnews.hk/app/sehk/2026/108644/documents/sehk26061502025.pdf,https://www1.hkexnews.hk/app/sehk/2026/108644/documents/sehk26061502024_c.pdf,
108640,华院计算技术(上海)股份有限公司,"UniDT Co., Ltd.",主板,AP,2026-06-14,,2026-06-14,待核实,,,,,,,https://www1.hkexnews.hk/app/sehk/2026/108640/documents/sehk26061400250.pdf,https://www1.hkexnews.hk/app/sehk/2026/108640/documents/sehk26061400249_c.pdf,
108593,江苏贝尔家居科技股份有限公司,Jiangsu BBL Home Technology Company Limited,主板,AP,2026-05-29,,2026-06-12,待核实,,,,,,,https://www1.hkexnews.hk/app/sehk/2026/108593/documents/sehk26052900642.pdf,https://www1.hkexnews.hk/app/sehk/2026/108593/documents/sehk26052900641.pdf,
108595,浙江中国小商品城集团股份有限公司,"Zhejiang China Commodities City Group Co., Ltd.",主板,AP,2026-05-29,,2026-06-12,待核实,,,,,,,https://www1.hkexnews.hk/app/sehk/2026/108595/documents/sehk26052902299.pdf,https://www1.hkexnews.hk/app/sehk/2026/108595/documents/sehk26052902298.pdf,
108598,上海果纳半导体技术股份有限公司,"Shanghai GoNa Semiconductor Technology Co., Ltd.",主板,AP,2026-05-29,,2026-06-12,待核实,,,,,,,https://www1.hkexnews.hk/app/sehk/2026/108598/documents/sehk26052903009.pdf,https://www1.hkexnews.hk/app/sehk/2026/108598/documents/sehk26052903008_c.pdf,
108601,利欧集团股份有限公司,"Leo Group Co., Ltd.",主板,AP,2026-05-29,,2026-06-12,待核实,,,,,,,https://www1.hkexnews.hk/app/sehk/2026/108601/documents/sehk26052903333.pdf,https://www1.hkexnews.hk/app/sehk/2026/108601/documents/sehk26052903332_c.pdf,
108590,地上铁绿色科技（深圳）股份有限公司,"DST Sustainable Technology (Shenzhen) Co., Ltd.",主板,AP,2026-05-29,,2026-06-12,待核实,,,,,,,https://www1.hkexnews.hk/app/sehk/2026/108590/documents/sehk26052900146.pdf,https://www1.hkexnews.hk/app/sehk/2026/108590/documents/sehk26052900145_c.pdf,
108634,安得智联供应链科技股份有限公司,"Annto Supply Chain Technology Co., Ltd.",主板,AP,2026-06-12,,2026-06-12,待核实,,,,,,,https://www1.hkexnews.hk/app/sehk/2026/108634/documents/sehk26061201749.pdf,https://www1.hkexnews.hk/app/sehk/2026/108634/documents/sehk26061201748_c.pdf,
108635,主线科技（北京）股份有限公司,"Trunk Technology (Beijing) Co., Ltd.",主板,AP,2026-06-12,,2026-06-12,待核实,,,,,,,https://www1.hkexnews.hk/app/sehk/2026/108635/documents/sehk26061201929.pdf,https://www1.hkexnews.hk/app/sehk/2026/108635/documents/sehk26061201928_c.pdf,
108636,米多多集团股份有限公司,Miduoduo Group Inc.,主板,AP,2026-06-12,,2026-06-12,待核实,,,,,,,https://www1.hkexnews.hk/app/sehk/2026/108636/documents/sehk26061201939.pdf,https://www1.hkexnews.hk/app/sehk/2026/108636/documents/sehk26061201938_c.pdf,
108638,烟台蓝纳成生物技术股份有限公司 - B,"Yantai Lannacheng Biotechnology Co., Ltd. - B",主板,AP,2026-06-12,,2026-06-12,待核实,,,,,,,https://www1.hkexnews.hk/app/sehk/2026/108638/documents/sehk26061202231.pdf,https://www1.hkexnews.hk/app/sehk/2026/108638/documents/sehk26061202230_c.pdf,
108585,扬州纳力新材料科技股份有限公司,"Yangzhou Nanopore Innovative Materials Technology Co., Ltd.",主板,AP,2026-05-28,,2026-06-11,待核实,,,,,,,https://www1.hkexnews.hk/app/sehk/2026/108585/documents/sehk26052802312.pdf,https://www1.hkexnews.hk/app/sehk/2026/108585/documents/sehk26052802311_c.pdf,
108633,广东奥迪威传感科技股份有限公司,"Audiowell Electronics (Guangdong) Co., Ltd.",主板,AP,2026-06-11,,2026-06-11,待核实,,,,,,,https://www1.hkexnews.hk/app/sehk/2026/108633/documents/sehk26061101768.pdf,https://www1.hkexnews.hk/app/sehk/2026/108633/documents/sehk26061101767.pdf,
108628,派想未来集团,PPLabs Technology Limited,主板,AP,2026-06-10,,2026-06-10,待核实,,,,,,,https://www1.hkexnews.hk/app/sehk/2026/108628/documents/sehk26061000116.pdf,https://www1.hkexnews.hk/app/sehk/2026/108628/documents/sehk26061000115_c.pdf,
108586,深圳杰成新能源科技股份有限公司,"Shenzhen Jiecheng New Energy Technology Co., Ltd.",主板,AP,2026-05-28,,2026-06-10,待核实,,,,,,,https://www1.hkexnews.hk/app/sehk/2026/108586/documents/sehk26052802742.pdf,https://www1.hkexnews.hk/app/sehk/2026/108586/documents/sehk26052802741_c.pdf,
108582,汉威科技集团股份有限公司,Hanwei Electronics Group Corporation,主板,AP,2026-05-27,,2026-06-10,待核实,,,,,,,https://www1.hkexnews.hk/app/sehk/2026/108582/documents/sehk26052702039.pdf,https://www1.hkexnews.hk/app/sehk/2026/108582/documents/sehk26052702038_c.pdf,
108579,爱尔眼科医院集团股份有限公司,"Aier Eye Hospital Group Co., Ltd.",主板,AP,2026-05-27,,2026-06-10,待核实,,,,,,,https://www1.hkexnews.hk/app/sehk/2026/108579/documents/sehk26052701601.pdf,https://www1.hkexnews.hk/app/sehk/2026/108579/documents/sehk26052701600_c.pdf,
108581,爱士惟科技股份有限公司,"AISWEI Technology Co., Ltd.",主板,AP,2026-05-27,,2026-06-10,待核实,,,,,,,https://www1.hkexnews.hk/app/sehk/2026/108581/documents/sehk26052701855.pdf,https://www1.hkexnews.hk/app/sehk/2026/108581/documents/sehk26052701854.pdf,
108630,福建森达电气股份有限公司,"Fujian Senda Electric Co., Ltd.",主板,AP,2026-06-10,,2026-06-10,待核实,,,,,,,https://www1.hkexnews.hk/app/sehk/2026/108630/documents/sehk26061001677.pdf,https://www1.hkexnews.hk/app/sehk/2026/108630/documents/sehk26061001676_c.pdf,
108578,"Elpiscience Biopharmaceuticals, Inc. - B","Elpiscience Biopharmaceuticals, Inc. - B",主板,AP,2026-05-27,,2026-06-08,待核实,,,,,,,https://www1.hkexnews.hk/app/sehk/2026/108578/documents/sehk26052701531.pdf,https://www1.hkexnews.hk/app/sehk/2026/108578/documents/sehk26052701530_c.pdf,
108620,苏州群策科技股份有限公司,"Qunce Technology Co., Ltd.",主板,AP,2026-06-08,,2026-06-08,待核实,,,,,,,https://www1.hkexnews.hk/app/sehk/2026/108620/documents/sehk26060800899.pdf,https://www1.hkexnews.hk/app/sehk/2026/108620/documents/sehk26060800898_c.pdf,
108622,赣州和美药业股份有限公司 - B,"Ganzhou Hemay Pharmaceutical Co., Ltd. - B",主板,AP,2026-06-08,,2026-06-08,待核实,,,,,,,https://www1.hkexnews.hk/app/sehk/2026/108622/documents/sehk26060801665.pdf,https://www1.hkexnews.hk/app/sehk/2026/108622/documents/sehk26060801664_c.pdf,
108625,杭州高光制药股份有限公司 - B,"Hangzhou Highlightll Pharmaceutical Co., Ltd. - B",主板,AP,2026-06-08,,2026-06-08,待核实,,,,,,,https://www1.hkexnews.hk/app/sehk/2026/108625/documents/sehk26060802151.pdf,https://www1.hkexnews.hk/app/sehk/2026/108625/documents/sehk26060802150_c.pdf,
108567,燕文物流股份有限公司,"Yanwen Logistics Co., Ltd.",主板,AP,2026-05-25,,2026-06-07,待核实,,,,,,,https://www1.hkexnews.hk/app/sehk/2026/108567/documents/sehk26052500090.pdf,https://www1.hkexnews.hk/app/sehk/2026/108567/documents/sehk26052500089_c.pdf,
108619,格雷博智能动力科技股份有限公司,"GLB Intelligent Power Technologies Co., Ltd.",主板,AP,2026-06-07,,2026-06-07,待核实,,,,,,,https://www1.hkexnews.hk/app/sehk/2026/108619/documents/sehk26060700172.pdf,https://www1.hkexnews.hk/app/sehk/2026/108619/documents/sehk26060700171_c.pdf,
108615,FJD Inc.,FJD Inc.,主板,AP,2026-06-05,,2026-06-05,待核实,,,,,,,https://www1.hkexnews.hk/app/sehk/2026/108615/documents/sehk26060502315.pdf,https://www1.hkexnews.hk/app/sehk/2026/108615/documents/sehk26060502314_c.pdf,
108617,南京擎天全税通信息科技股份有限公司,QST Information Technology Limited,主板,AP,2026-06-05,,2026-06-05,待核实,,,,,,,https://www1.hkexnews.hk/app/sehk/2026/108617/documents/sehk26060502523.pdf,https://www1.hkexnews.hk/app/sehk/2026/108617/documents/sehk26060502522_c.pdf,
108618,沪士电子股份有限公司,"WUS Printed Circuit (Kunshan) Co., Ltd.",主板,AP,2026-06-05,,2026-06-05,待核实,,,,,,,https://www1.hkexnews.hk/app/sehk/2026/108618/documents/sehk26060502611.pdf,https://www1.hkexnews.hk/app/sehk/2026/108618/documents/sehk26060502610_c.pdf,
108616,深圳曦华科技股份有限公司,"Shenzhen CVA Innovation Co., Ltd.",主板,AP,2026-06-05,,2026-06-05,待核实,,,,,,,https://www1.hkexnews.hk/app/sehk/2026/108616/documents/sehk26060502747.pdf,https://www1.hkexnews.hk/app/sehk/2026/108616/documents/sehk26060502746.pdf,
108562,北京神州细胞生物技术集团股份公司,Sinocelltech Group Limited,主板,AP,2026-05-22,,2026-06-04,待核实,,,,,,,https://www1.hkexnews.hk/app/sehk/2026/108562/documents/sehk26052201821.pdf,https://www1.hkexnews.hk/app/sehk/2026/108562/documents/sehk26052201820_c.pdf,
108570,Silvercorp Metals Inc.,Silvercorp Metals Inc.,主板,AP,2026-05-26,,2026-06-04,待核实,,,,,,,https://www1.hkexnews.hk/app/sehk/2026/108570/documents/sehk26052600208.pdf,https://www1.hkexnews.hk/app/sehk/2026/108570/documents/sehk26052600207_c.pdf,
108610,上海福贝宠物用品股份有限公司,"Fubei (SHANGHAI) Co., Ltd.",主板,AP,2026-06-01,,2026-06-01,待核实,,,,,,,https://www1.hkexnews.hk/app/sehk/2026/108610/documents/sehk26060101084.pdf,https://www1.hkexnews.hk/app/sehk/2026/108610/documents/sehk26060101083_c.pdf,
108611,智享生物（苏州）股份有限公司,"Intellective Biologics (Suzhou) Co., Ltd.",主板,AP,2026-06-01,,2026-06-01,待核实,,,,,,,https://www1.hkexnews.hk/app/sehk/2026/108611/documents/sehk26060103681.pdf,https://www1.hkexnews.hk/app/sehk/2026/108611/documents/sehk26060103680_c.pdf,
108608,广东真健康医疗科技开发股份有限公司 - B,"Guangdong True Health Medical Technology Development Co., Ltd. - B",主板,AP,2026-05-31,,2026-05-31,待核实,,,,,,,https://www1.hkexnews.hk/app/sehk/2026/108608/documents/sehk26053100070.pdf,https://www1.hkexnews.hk/app/sehk/2026/108608/documents/sehk26053100069_c.pdf,
108609,成都卡诺普机器人技术股份有限公司,"Chengdu CRP Robot Technology Co., Ltd.",主板,AP,2026-05-31,,2026-05-31,待核实,,,,,,,https://www1.hkexnews.hk/app/sehk/2026/108609/documents/sehk26053100148.pdf,https://www1.hkexnews.hk/app/sehk/2026/108609/documents/sehk26053100147_c.pdf,
108591,广州市易鸿智能装备股份有限公司,"Guangzhou EHolly Intelligent Equipment Co., Ltd.",主板,AP,2026-05-29,,2026-05-29,待核实,,,,,,,https://www1.hkexnews.hk/app/sehk/2026/108591/documents/sehk26052900388.pdf,https://www1.hkexnews.hk/app/sehk/2026/108591/documents/sehk26052900387_c.pdf,
108592,合肥新汇成微电子股份有限公司,"Union Semiconductor (Hefei) Co., Ltd.",主板,AP,2026-05-29,,2026-05-29,待核实,,,,,,,https://www1.hkexnews.hk/app/sehk/2026/108592/documents/sehk26052900548.pdf,https://www1.hkexnews.hk/app/sehk/2026/108592/documents/sehk26052900547.pdf,
108541,深圳市爱德泰科技股份有限公司,"Shenzhen ADTEK Technology Co., Ltd.",主板,AP,2026-05-15,,2026-05-29,待核实,,,,,,,https://www1.hkexnews.hk/app/sehk/2026/108541/documents/sehk26051500227.pdf,https://www1.hkexnews.hk/app/sehk/2026/108541/documents/sehk26051500226_c.pdf,
108596,无锡车联天下智能科技股份有限公司,"Wuxi Autolink Intelligence Tech Co., Ltd.",主板,AP,2026-05-29,,2026-05-29,待核实,,,,,,,https://www1.hkexnews.hk/app/sehk/2026/108596/documents/sehk26052902439.pdf,https://www1.hkexnews.hk/app/sehk/2026/108596/documents/sehk26052902438_c.pdf,
108597,浙江力积存储科技股份有限公司,Zhejiang Zentel Memory Technology Co. LTD,主板,AP,2026-05-29,,2026-05-29,待核实,,,,,,,https://www1.hkexnews.hk/app/sehk/2026/108597/documents/sehk26052902839.pdf,https://www1.hkexnews.hk/app/sehk/2026/108597/documents/sehk26052902838_c.pdf,
108600,真实生物科技有限公司 - B,Genuine Biotech Limited - B,主板,AP,2026-05-29,,2026-05-29,待核实,,,,,,,https://www1.hkexnews.hk/app/sehk/2026/108600/documents/sehk26052903257.pdf,https://www1.hkexnews.hk/app/sehk/2026/108600/documents/sehk26052903256_c.pdf,
108599,Megatronix Inc.,Megatronix Inc.,主板,AP,2026-05-29,,2026-05-29,待核实,,,,,,,https://www1.hkexnews.hk/app/sehk/2026/108599/documents/sehk26052903187.pdf,https://www1.hkexnews.hk/app/sehk/2026/108599/documents/sehk26052903186_c.pdf,
108603,智租物联科技集团股份有限公司,"Zhizu IoT Technology Group Co., Ltd.",主板,AP,2026-05-29,,2026-05-29,待核实,,,,,,,https://www1.hkexnews.hk/app/sehk/2026/108603/documents/sehk26052903557.pdf,https://www1.hkexnews.hk/app/sehk/2026/108603/documents/sehk26052903556_c.pdf,
108545,广东华成电力能源股份有限公司,"Guangdong Huacheng Electric Power Energy Co., Ltd.",主板,AP,2026-05-15,,2026-05-28,待核实,,,,,,,https://www1.hkexnews.hk/app/sehk/2026/108545/documents/sehk26051502046.pdf,https://www1.hkexnews.hk/app/sehk/2026/108545/documents/sehk26051502045_c.pdf,
108583,麓鹏制药有限公司 - B,Lupeng Pharmaceutical Ltd. - B,主板,AP,2026-05-28,,2026-05-28,待核实,,,,,,,https://www1.hkexnews.hk/app/sehk/2026/108583/documents/sehk26052801452.pdf,https://www1.hkexnews.hk/app/sehk/2026/108583/documents/sehk26052801451_c.pdf,
108540,山东安得医疗用品股份有限公司,"Shandong Ande Healthcare Apparatus Co., Ltd.",主板,AP,2026-05-15,,2026-05-28,待核实,,,,,,,https://www1.hkexnews.hk/app/sehk/2026/108540/documents/sehk26051500134.pdf,https://www1.hkexnews.hk/app/sehk/2026/108540/documents/sehk26051500133_c.pdf,
108584,上海凯诘电子商务股份有限公司,"Shanghai Keying E-Commerce Co., Ltd.",主板,AP,2026-05-28,,2026-05-28,待核实,,,,,,,https://www1.hkexnews.hk/app/sehk/2026/108584/documents/sehk26052802306.pdf,https://www1.hkexnews.hk/app/sehk/2026/108584/documents/sehk26052802305.pdf,
108587,苏州天瞳威视电子科技股份有限公司,"Suzhou Calmcar Electronics Technology Co., Limited",主板,AP,2026-05-28,,2026-05-28,待核实,,,,,,,https://www1.hkexnews.hk/app/sehk/2026/108587/documents/sehk26052802472.pdf,https://www1.hkexnews.hk/app/sehk/2026/108587/documents/sehk26052802471_c.pdf,
108588,江苏零一汽车科技股份有限公司,Jiangsu Zeron Automobile Technology Company Limited,主板,AP,2026-05-28,,2026-05-28,待核实,,,,,,,https://www1.hkexnews.hk/app/sehk/2026/108588/documents/sehk26052802580.pdf,https://www1.hkexnews.hk/app/sehk/2026/108588/documents/sehk26052802579_c.pdf,
108577,浙江晶通新材料集团股份有限公司,"Zhejiang Kingdom New Material Group Co., Ltd.",主板,AP,2026-05-27,,2026-05-27,待核实,,,,,,,https://www1.hkexnews.hk/app/sehk/2026/108577/documents/sehk26052700114.pdf,https://www1.hkexnews.hk/app/sehk/2026/108577/documents/sehk26052700113_c.pdf,
108580,赛诺医疗科学技术股份有限公司,Sino Medical Sciences Technology Inc.,主板,AP,2026-05-27,,2026-05-27,待核实,,,,,,,https://www1.hkexnews.hk/app/sehk/2026/108580/documents/sehk26052701981.pdf,https://www1.hkexnews.hk/app/sehk/2026/108580/documents/sehk26052701980_c.pdf,
108573,海澜之家集团股份有限公司,"HLA Group Corp., Ltd.",主板,AP,2026-05-26,,2026-05-26,待核实,,,,,,,https://www1.hkexnews.hk/app/sehk/2026/108573/documents/sehk26052601653.pdf,https://www1.hkexnews.hk/app/sehk/2026/108573/documents/sehk26052601652_c.pdf,
108574,福瑞泰克（浙江）智能科技股份有限公司,"Freetech (Zhejiang) Intelligent Technology Co., Ltd.",主板,AP,2026-05-26,,2026-05-26,待核实,,,,,,,https://www1.hkexnews.hk/app/sehk/2026/108574/documents/sehk26052602073.pdf,https://www1.hkexnews.hk/app/sehk/2026/108574/documents/sehk26052602072_c.pdf,
108566,浙江金龙电机股份有限公司,"Zhejiang Jinlong Electrical Machinery Stock Co., Ltd.",主板,AP,2026-05-25,,2026-05-25,待核实,,,,,,,https://www1.hkexnews.hk/app/sehk/2026/108566/documents/sehk26052500248.pdf,https://www1.hkexnews.hk/app/sehk/2026/108566/documents/sehk26052500247.pdf,
108530,国联绿色科技(无锡)股份有限公司,"Guolian Green Technology (Wuxi) Co., Ltd.",主板,AP,2026-05-11,,2026-05-25,待核实,,,,,,,https://www1.hkexnews.hk/app/sehk/2026/108530/documents/sehk26051101903.pdf,https://www1.hkexnews.hk/app/sehk/2026/108530/documents/sehk26051101902_c.pdf,
108563,普祥健康控股有限公司,Puxiang Healthcare Holding Limited,主板,AP,2026-05-22,,2026-05-22,待核实,,,,,,,https://www1.hkexnews.hk/app/sehk/2026/108563/documents/sehk26052201903.pdf,https://www1.hkexnews.hk/app/sehk/2026/108563/documents/sehk26052201902_c.pdf,
108564,广东融泰药业股份有限公司,"Guangdong Rong Tai Pharmaceutical Co., Ltd.",主板,AP,2026-05-22,,2026-05-22,待核实,,,,,,,https://www1.hkexnews.hk/app/sehk/2026/108564/documents/sehk26052201995.pdf,https://www1.hkexnews.hk/app/sehk/2026/108564/documents/sehk26052201994_c.pdf,
108559,芜湖伯特利汽车安全系统股份有限公司,"Bethel Automotive Safety Systems Co., Ltd.",主板,AP,2026-05-21,,2026-05-22,待核实,,,,,,,https://www1.hkexnews.hk/app/sehk/2026/108559/documents/sehk26052100343.pdf,https://www1.hkexnews.hk/app/sehk/2026/108559/documents/sehk26052100342_c.pdf,
108516,江苏芯德半导体科技股份有限公司,"Jiangsu Silicon Integrity Semiconductor Technology Co., Ltd.",主板,AP,2026-05-08,,2026-05-22,待核实,,,,,,,https://www1.hkexnews.hk/app/sehk/2026/108516/documents/sehk26050801313.pdf,https://www1.hkexnews.hk/app/sehk/2026/108516/documents/sehk26050801312_c.pdf,
108565,享道出行(上海)科技股份有限公司,EnjoyGo Technology Limited,主板,AP,2026-05-22,,2026-05-22,待核实,,,,,,,https://www1.hkexnews.hk/app/sehk/2026/108565/documents/sehk26052202201.pdf,https://www1.hkexnews.hk/app/sehk/2026/108565/documents/sehk26052202200_c.pdf,
108532,湖北东圣实业股份有限公司,"Hubei DSphos Co., Ltd.",主板,AP,2026-05-12,,2026-05-22,待核实,,,,,,,https://www1.hkexnews.hk/app/sehk/2026/108532/documents/sehk26051200032.pdf,https://www1.hkexnews.hk/app/sehk/2026/108532/documents/sehk26051200031_c.pdf,
108560,南京硅基智能科技集团股份有限公司,"Nanjing Silicon Intelligence Technology Group Co., Ltd.",主板,AP,2026-05-21,,2026-05-21,待核实,,,,,,,https://www1.hkexnews.hk/app/sehk/2026/108560/documents/sehk26052101521.pdf,https://www1.hkexnews.hk/app/sehk/2026/108560/documents/sehk26052101520_c.pdf,
108512,科兴生物制药股份有限公司,"Kexing Biopharm Co., Ltd.",主板,AP,2026-05-06,,2026-05-20,待核实,,,,,,,https://www1.hkexnews.hk/app/sehk/2026/108512/documents/sehk26050602893.pdf,https://www1.hkexnews.hk/app/sehk/2026/108512/documents/sehk26050602892_c.pdf,
108552,上海科梁信息科技股份有限公司,"Shanghai KeLiang Information Technology Co., Ltd.",主板,AP,2026-05-20,,2026-05-20,待核实,,,,,,,https://www1.hkexnews.hk/app/sehk/2026/108552/documents/sehk26052000951.pdf,https://www1.hkexnews.hk/app/sehk/2026/108552/documents/sehk26052000950_c.pdf,
108554,上海观安信息技术股份有限公司,"Shanghai Guan An Information Technology Co., Ltd.",主板,AP,2026-05-20,,2026-05-20,待核实,,,,,,,https://www1.hkexnews.hk/app/sehk/2026/108554/documents/sehk26052001369.pdf,https://www1.hkexnews.hk/app/sehk/2026/108554/documents/sehk26052001368_c.pdf,
108556,临工重机股份有限公司,"Lingong Heavy Machinery Co., Ltd",主板,AP,2026-05-20,,2026-05-20,待核实,,,,,,,https://www1.hkexnews.hk/app/sehk/2026/108556/documents/sehk26052001553.pdf,https://www1.hkexnews.hk/app/sehk/2026/108556/documents/sehk26052001552_c.pdf,
108558,中旅港澳文旅控股有限公司,CTG Hongkong and Macao Culture and Tourism Holding Limited,主板,AP,2026-05-20,,2026-05-20,待核实,,,,,,,https://www1.hkexnews.hk/app/sehk/2026/108558/documents/sehk26052001857.pdf,https://www1.hkexnews.hk/app/sehk/2026/108558/documents/sehk26052001856.pdf,
108557,踏歌智行科技股份有限公司,"Tage iDriver Technology Co., Ltd.",主板,AP,2026-05-20,,2026-05-20,待核实,,,,,,,https://www1.hkexnews.hk/app/sehk/2026/108557/documents/sehk26052001787.pdf,https://www1.hkexnews.hk/app/sehk/2026/108557/documents/sehk26052001786.pdf,
108549,Xiaoe Inc.,Xiaoe Inc.,主板,AP,2026-05-19,,2026-05-19,待核实,,,,,,,https://www1.hkexnews.hk/app/sehk/2026/108549/documents/sehk26051901284.pdf,https://www1.hkexnews.hk/app/sehk/2026/108549/documents/sehk26051901283_c.pdf,
108550,苏州东山精密制造股份有限公司,"Suzhou Dongshan Precision Manufacturing Co., Ltd.",主板,AP,2026-05-19,,2026-05-19,待核实,,,,,,,https://www1.hkexnews.hk/app/sehk/2026/108550/documents/sehk26051901436.pdf,https://www1.hkexnews.hk/app/sehk/2026/108550/documents/sehk26051901435_c.pdf,
108546,浙江时迈药业股份有限公司 - B,"Zhejiang Shimai Pharmaceutical Co., Ltd. - B",主板,AP,2026-05-18,,2026-05-18,待核实,,,,,,,https://www1.hkexnews.hk/app/sehk/2026/108546/documents/sehk26051800258.pdf,https://www1.hkexnews.hk/app/sehk/2026/108546/documents/sehk26051800257_c.pdf,
108547,博瑞生物医药（苏州）股份有限公司,"BrightGene Bio-Medical Technology Co., Ltd.",主板,AP,2026-05-18,,2026-05-18,待核实,,,,,,,https://www1.hkexnews.hk/app/sehk/2026/108547/documents/sehk26051801467.pdf,https://www1.hkexnews.hk/app/sehk/2026/108547/documents/sehk26051801466.pdf,
108548,广东金晟新能源股份有限公司,"Guangdong Jinsheng New Energy Co., Ltd.",主板,AP,2026-05-18,,2026-05-18,待核实,,,,,,,https://www1.hkexnews.hk/app/sehk/2026/108548/documents/sehk26051801597.pdf,https://www1.hkexnews.hk/app/sehk/2026/108548/documents/sehk26051801596_c.pdf,
108537,深圳市汉森软件股份有限公司,"Shenzhen Hosonsoft Co., Ltd.",主板,AP,2026-05-14,,2026-05-15,待核实,,,,,,,https://www1.hkexnews.hk/app/sehk/2026/108537/documents/sehk26051401533.pdf,https://www1.hkexnews.hk/app/sehk/2026/108537/documents/sehk26051401532_c.pdf,
108542,深圳市格林晟科技股份有限公司,Greensun Inc.,主板,AP,2026-05-15,,2026-05-15,待核实,,,,,,,https://www1.hkexnews.hk/app/sehk/2026/108542/documents/sehk26051501574.pdf,https://www1.hkexnews.hk/app/sehk/2026/108542/documents/sehk26051501573_c.pdf,
108544,中鼎智能（无锡）科技股份有限公司,"Zhongding Intelligent (Wuxi) Technology Co., Ltd.",主板,AP,2026-05-15,,2026-05-15,待核实,,,,,,,https://www1.hkexnews.hk/app/sehk/2026/108544/documents/sehk26051501734.pdf,https://www1.hkexnews.hk/app/sehk/2026/108544/documents/sehk26051501733_c.pdf,
108543,宏和电子材料科技股份有限公司,"Grace Fabric Technology Co., Ltd.",主板,AP,2026-05-15,,2026-05-15,待核实,,,,,,,https://www1.hkexnews.hk/app/sehk/2026/108543/documents/sehk26051501892.pdf,https://www1.hkexnews.hk/app/sehk/2026/108543/documents/sehk26051501891.pdf,
108536,成都国星宇航科技股份有限公司,"Adaspace Technology Co., Ltd.",主板,AP,2026-05-14,,2026-05-14,待核实,,,,,,,https://www1.hkexnews.hk/app/sehk/2026/108536/documents/sehk26051401391.pdf,https://www1.hkexnews.hk/app/sehk/2026/108536/documents/sehk26051401390_c.pdf,
108538,Axbio International Limited - B,Axbio International Limited - B,主板,AP,2026-05-14,,2026-05-14,待核实,,,,,,,https://www1.hkexnews.hk/app/sehk/2026/108538/documents/sehk26051401717.pdf,https://www1.hkexnews.hk/app/sehk/2026/108538/documents/sehk26051401716.pdf,
108539,广东合捷电器股份有限公司,"Guangdong Arcair Appliance Co., Ltd",主板,AP,2026-05-14,,2026-05-14,待核实,,,,,,,https://www1.hkexnews.hk/app/sehk/2026/108539/documents/sehk26051401789.pdf,https://www1.hkexnews.hk/app/sehk/2026/108539/documents/sehk26051401788_c.pdf,
108534,宁波菲仕技术股份有限公司,"Ningbo Physis Technology Co., Ltd.",主板,AP,2026-05-13,,2026-05-13,待核实,,,,,,,https://www1.hkexnews.hk/app/sehk/2026/108534/documents/sehk26051301026.pdf,https://www1.hkexnews.hk/app/sehk/2026/108534/documents/sehk26051301025_c.pdf,
108487,四川新荷花中药饮片股份有限公司,"Sichuan Neautus Traditional Chinese Medicine Co., Ltd.",主板,AP,2026-04-30,,2026-05-13,待核实,,,,,,,https://www1.hkexnews.hk/app/sehk/2026/108487/documents/sehk26043002708.pdf,https://www1.hkexnews.hk/app/sehk/2026/108487/documents/sehk26043002707_c.pdf,
108533,深圳佰维存储科技股份有限公司,"BIWIN STORAGE TECHNOLOY CO., LTD.",主板,AP,2026-05-12,,2026-05-12,待核实,,,,,,,https://www1.hkexnews.hk/app/sehk/2026/108533/documents/sehk26051201579.pdf,https://www1.hkexnews.hk/app/sehk/2026/108533/documents/sehk26051201578.pdf,
108527,深圳市长盈精密技术股份有限公司,"Shenzhen Everwin Precision Technology Co., Ltd.",主板,AP,2026-05-11,,2026-05-11,待核实,,,,,,,https://www1.hkexnews.hk/app/sehk/2026/108527/documents/sehk26051100710.pdf,https://www1.hkexnews.hk/app/sehk/2026/108527/documents/sehk26051100709_c.pdf,
108470,PT MNC Digital Entertainment Tbk - S,PT MNC Digital Entertainment Tbk - S,主板,AP,2026-04-27,,2026-05-11,待核实,,,,,,,https://www1.hkexnews.hk/app/sehk/2026/108470/documents/sehk26042703383.pdf,https://www1.hkexnews.hk/app/sehk/2026/108470/documents/sehk26042703382.pdf,
108529,深圳迈瑞生物医疗电子股份有限公司,"Shenzhen Mindray Bio-Medical Electronics Co., Ltd.",主板,AP,2026-05-11,,2026-05-11,待核实,,,,,,,https://www1.hkexnews.hk/app/sehk/2026/108529/documents/sehk26051101259.pdf,https://www1.hkexnews.hk/app/sehk/2026/108529/documents/sehk26051101258_c.pdf,
108531,翘石国际金融集团,Keystone Global Financial Group,GEM,AP,2026-05-11,,2026-05-11,待核实,,,,,,,https://www1.hkexnews.hk/app/gem/2026/108531/documents/gem26051101901.pdf,https://www1.hkexnews.hk/app/gem/2026/108531/documents/gem26051101900.pdf,
108526,鼎捷数智股份有限公司,"DIGIWIN CO., LTD.",主板,AP,2026-05-10,,2026-05-10,待核实,,,,,,,https://www1.hkexnews.hk/app/sehk/2026/108526/documents/sehk26051000200.pdf,https://www1.hkexnews.hk/app/sehk/2026/108526/documents/sehk26051000199_c.pdf,
108460,重庆千里科技股份有限公司,"Chongqing Afari Technology Co., Ltd.",主板,AP,2026-04-27,,2026-05-08,待核实,,,,,,,https://www1.hkexnews.hk/app/sehk/2026/108460/documents/sehk26042702865.pdf,https://www1.hkexnews.hk/app/sehk/2026/108460/documents/sehk26042702864_c.pdf,
108515,广东天农集团股份有限公司,"Guangdong Tinoos Group Co., Ltd.",主板,AP,2026-05-08,,2026-05-08,待核实,,,,,,,https://www1.hkexnews.hk/app/sehk/2026/108515/documents/sehk26050800288.pdf,https://www1.hkexnews.hk/app/sehk/2026/108515/documents/sehk26050800287_c.pdf,
108462,Extransfer Limited - W,Extransfer Limited - W,主板,AP,2026-04-24,,2026-05-08,待核实,,,,,,,https://www1.hkexnews.hk/app/sehk/2026/108462/documents/sehk26042402872.pdf,https://www1.hkexnews.hk/app/sehk/2026/108462/documents/sehk26042402871_c.pdf,
108517,奔赴自然户外运动集团股份有限公司 (前称为伯希和户外运动集团股份有限公司),"GoNature Outdoor Sports Group Co., Ltd. (formerly known as Boxihe Outdoor Sports Group Co., Ltd.)",主板,AP,2026-05-08,,2026-05-08,待核实,,,,,,,https://www1.hkexnews.hk/app/sehk/2026/108517/documents/sehk26050801725.pdf,https://www1.hkexnews.hk/app/sehk/2026/108517/documents/sehk26050801724.pdf,
108466,卡拉罗 (中国) 传动系统股份有限公司,"Carraro China Drive Systems Co., Ltd.",主板,AP,2026-04-24,,2026-05-07,待核实,,,,,,,https://www1.hkexnews.hk/app/sehk/2026/108466/documents/sehk26042403757.pdf,https://www1.hkexnews.hk/app/sehk/2026/108466/documents/sehk26042403756_c.pdf,
108463,美克生能源科技股份有限公司,"Makesense Energy Technology Co., Limited",主板,AP,2026-04-24,,2026-05-07,待核实,,,,,,,https://www1.hkexnews.hk/app/sehk/2026/108463/documents/sehk26042403313.pdf,https://www1.hkexnews.hk/app/sehk/2026/108463/documents/sehk26042403312_c.pdf,
108514,深向科技股份有限公司,"DeepWay Technology Co., Ltd.",主板,AP,2026-05-07,,2026-05-07,待核实,,,,,,,https://www1.hkexnews.hk/app/sehk/2026/108514/documents/sehk26050702257.pdf,https://www1.hkexnews.hk/app/sehk/2026/108514/documents/sehk26050702256_c.pdf,
108511,Yusheng Holdings Limited,Yusheng Holdings Limited,主板,AP,2026-05-06,,2026-05-06,待核实,,,,,,,https://www1.hkexnews.hk/app/sehk/2026/108511/documents/sehk26050600118.pdf,https://www1.hkexnews.hk/app/sehk/2026/108511/documents/sehk26050600117_c.pdf,
108506,哲弗智能系统（上海）股份有限公司,"Zephyr Intelligent System (Shanghai) Co., Ltd.",主板,AP,2026-05-04,,2026-05-04,待核实,,,,,,,https://www1.hkexnews.hk/app/sehk/2026/108506/documents/sehk26050400896.pdf,https://www1.hkexnews.hk/app/sehk/2026/108506/documents/sehk26050400895_c.pdf,
108451,深圳菲亚兰德科技集团股份有限公司,Fairland Corporation Limited,主板,AP,2026-04-17,,2026-04-30,待核实,,,,,,,https://www1.hkexnews.hk/app/sehk/2026/108451/documents/sehk26041701854.pdf,https://www1.hkexnews.hk/app/sehk/2026/108451/documents/sehk26041701853_c.pdf,
108488,拉拉科技控股有限公司 - W,Lalatech Holdings Limited - W,主板,AP,2026-04-30,,2026-04-30,待核实,,,,,,,https://www1.hkexnews.hk/app/sehk/2026/108488/documents/sehk26043002914.pdf,https://www1.hkexnews.hk/app/sehk/2026/108488/documents/sehk26043002913_c.pdf,
108489,山推工程机械股份有限公司,"Shantui Construction Machinery Co., Ltd.",主板,AP,2026-04-30,,2026-04-30,待核实,,,,,,,https://www1.hkexnews.hk/app/sehk/2026/108489/documents/sehk26043003575.pdf,https://www1.hkexnews.hk/app/sehk/2026/108489/documents/sehk26043003574_c.pdf,
108490,上海新榜信息技术股份有限公司,"Shanghai Newrank Info & Tech Co., Ltd.",主板,AP,2026-04-30,,2026-04-30,待核实,,,,,,,https://www1.hkexnews.hk/app/sehk/2026/108490/documents/sehk26043003971.pdf,https://www1.hkexnews.hk/app/sehk/2026/108490/documents/sehk26043003970.pdf,
108491,珀莱雅化妆品股份有限公司,"Proya Cosmetics Co., Ltd.",主板,AP,2026-04-30,,2026-04-30,待核实,,,,,,,https://www1.hkexnews.hk/app/sehk/2026/108491/documents/sehk26043004089.pdf,https://www1.hkexnews.hk/app/sehk/2026/108491/documents/sehk26043004088_c.pdf,
108492,君绮控股有限公司,Junqi Holdings Limited,主板,AP,2026-04-30,,2026-04-30,待核实,,,,,,,https://www1.hkexnews.hk/app/sehk/2026/108492/documents/sehk26043004423.pdf,https://www1.hkexnews.hk/app/sehk/2026/108492/documents/sehk26043004422_c.pdf,
108494,长宏新材集团有限公司,Long Macro New Material Group Limited,GEM,AP,2026-04-30,,2026-04-30,待核实,,,,,,,https://www1.hkexnews.hk/app/gem/2026/108494/documents/gem26043004753.pdf,https://www1.hkexnews.hk/app/gem/2026/108494/documents/gem26043004752_c.pdf,
108478,微康益生菌（苏州）股份有限公司,"Wecare Probiotics Co., Ltd.",主板,AP,2026-04-29,,2026-04-29,待核实,,,,,,,https://www1.hkexnews.hk/app/sehk/2026/108478/documents/sehk26042900256.pdf,https://www1.hkexnews.hk/app/sehk/2026/108478/documents/sehk26042900255.pdf,
108479,深圳云天励飞技术股份有限公司,"Shenzhen Intellifusion Technologies Co., Ltd.",主板,AP,2026-04-29,,2026-04-29,待核实,,,,,,,https://www1.hkexnews.hk/app/sehk/2026/108479/documents/sehk26042902289.pdf,https://www1.hkexnews.hk/app/sehk/2026/108479/documents/sehk26042902288_c.pdf,
108444,江苏华盛锂电材料股份有限公司,"Jiangsu HSC New Energy Materials Co., Ltd.",主板,AP,2026-04-16,,2026-04-29,待核实,,,,,,,https://www1.hkexnews.hk/app/sehk/2026/108444/documents/sehk26041601923.pdf,https://www1.hkexnews.hk/app/sehk/2026/108444/documents/sehk26041601922_c.pdf,
108458,"Nanjing Lingxing Technology Co., Ltd.","Nanjing Lingxing Technology Co., Ltd.",主板,AP,2026-04-22,,2026-04-29,待核实,,,,,,,https://www1.hkexnews.hk/app/sehk/2026/108458/documents/sehk26042202191.pdf,https://www1.hkexnews.hk/app/sehk/2026/108458/documents/sehk26042202190_c.pdf,
108481,上海百秋尚美科技服务集团股份有限公司,"Shanghai Buy Quickly BMax Technology Services Group Co., Ltd.",主板,AP,2026-04-29,,2026-04-29,待核实,,,,,,,https://www1.hkexnews.hk/app/sehk/2026/108481/documents/sehk26042904997.pdf,https://www1.hkexnews.hk/app/sehk/2026/108481/documents/sehk26042904996.pdf,
108482,上海富瀚微电子股份有限公司,"Shanghai Fullhan Microelectronics Co., Ltd.",主板,AP,2026-04-29,,2026-04-29,待核实,,,,,,,https://www1.hkexnews.hk/app/sehk/2026/108482/documents/sehk26042905483.pdf,https://www1.hkexnews.hk/app/sehk/2026/108482/documents/sehk26042905482_c.pdf,
108484,上海基流科技股份有限公司,"Infrawaves Co., Ltd.",主板,AP,2026-04-29,,2026-04-29,待核实,,,,,,,https://www1.hkexnews.hk/app/sehk/2026/108484/documents/sehk26042906017.pdf,https://www1.hkexnews.hk/app/sehk/2026/108484/documents/sehk26042906016_c.pdf,
108485,Eccogene Inc. - B,Eccogene Inc. - B,主板,AP,2026-04-29,,2026-04-29,待核实,,,,,,,https://www1.hkexnews.hk/app/sehk/2026/108485/documents/sehk26042906033.pdf,https://www1.hkexnews.hk/app/sehk/2026/108485/documents/sehk26042906032_c.pdf,
108486,龙资源有限公司,Dragon Mining Limited,主板,AP,2026-04-29,,2026-04-29,待核实,,,,,,,https://www1.hkexnews.hk/app/sehk/2026/108486/documents/sehk26042906339.pdf,https://www1.hkexnews.hk/app/sehk/2026/108486/documents/sehk26042906338.pdf,
108472,深圳市汇川技术股份有限公司,"Shenzhen Inovance Technology Co., Ltd",主板,AP,2026-04-28,,2026-04-28,待核实,,,,,,,https://www1.hkexnews.hk/app/sehk/2026/108472/documents/sehk26042802304.pdf,https://www1.hkexnews.hk/app/sehk/2026/108472/documents/sehk26042802303_c.pdf,
108473,深圳创智芯联科技股份有限公司,"Shenzhen Chuangzhi Semi-link Technology Co., Ltd.",主板,AP,2026-04-28,,2026-04-28,待核实,,,,,,,https://www1.hkexnews.hk/app/sehk/2026/108473/documents/sehk26042804160.pdf,https://www1.hkexnews.hk/app/sehk/2026/108473/documents/sehk26042804159_c.pdf,
108474,武汉聚芯微电子股份有限公司,"Wuhan Silicon Integrated Co., Ltd.",主板,AP,2026-04-28,,2026-04-28,待核实,,,,,,,https://www1.hkexnews.hk/app/sehk/2026/108474/documents/sehk26042804614.pdf,https://www1.hkexnews.hk/app/sehk/2026/108474/documents/sehk26042804613_c.pdf,
108476,阿麦斯食品（集团）股份有限公司,"Amos Food (Group) Co., Ltd.",主板,AP,2026-04-28,,2026-04-28,待核实,,,,,,,https://www1.hkexnews.hk/app/sehk/2026/108476/documents/sehk26042804898.pdf,https://www1.hkexnews.hk/app/sehk/2026/108476/documents/sehk26042804897_c.pdf,
108477,科力普科技集团股份有限公司,"Colipu Technologies Group Co., Ltd.",主板,AP,2026-04-28,,2026-04-28,待核实,,,,,,,https://www1.hkexnews.hk/app/sehk/2026/108477/documents/sehk26042804992.pdf,https://www1.hkexnews.hk/app/sehk/2026/108477/documents/sehk26042804991_c.pdf,
108475,北京戴纳实验科技股份有限公司,"Beijing Dynaflow Lab Solutions Co., Ltd.",主板,AP,2026-04-28,,2026-04-28,待核实,,,,,,,https://www1.hkexnews.hk/app/sehk/2026/108475/documents/sehk26042805160.pdf,https://www1.hkexnews.hk/app/sehk/2026/108475/documents/sehk26042805159.pdf,
108469,广州若羽臣科技股份有限公司,"Guangzhou Ruoyuchen Technology Co., Ltd.",主板,AP,2026-04-27,,2026-04-27,待核实,,,,,,,https://www1.hkexnews.hk/app/sehk/2026/108469/documents/sehk26042700426.pdf,https://www1.hkexnews.hk/app/sehk/2026/108469/documents/sehk26042700425_c.pdf,
108443,华工科技产业股份有限公司,HGTECH Company Limited,主板,AP,2026-04-13,,2026-04-27,待核实,,,,,,,https://www1.hkexnews.hk/app/sehk/2026/108443/documents/sehk26041301459.pdf,https://www1.hkexnews.hk/app/sehk/2026/108443/documents/sehk26041301458_c.pdf,
108471,格林美股份有限公司,"GEM Co., Ltd.",主板,AP,2026-04-27,,2026-04-27,待核实,,,,,,,https://www1.hkexnews.hk/app/sehk/2026/108471/documents/sehk26042703391.pdf,https://www1.hkexnews.hk/app/sehk/2026/108471/documents/sehk26042703390_c.pdf,
108461,阳光电源股份有限公司,"Sungrow Power Supply Co., Ltd.",主板,AP,2026-04-24,,2026-04-24,待核实,,,,,,,https://www1.hkexnews.hk/app/sehk/2026/108461/documents/sehk26042400514.pdf,https://www1.hkexnews.hk/app/sehk/2026/108461/documents/sehk26042400513_c.pdf,
108465,天津望圆智能科技股份有限公司,"WYBOTICS Co.,LTD",主板,AP,2026-04-24,,2026-04-24,待核实,,,,,,,https://www1.hkexnews.hk/app/sehk/2026/108465/documents/sehk26042403683.pdf,https://www1.hkexnews.hk/app/sehk/2026/108465/documents/sehk26042403682_c.pdf,
108468,上海箱箱智能科技股份有限公司,"Horen Cortp Co., Ltd.",主板,AP,2026-04-24,,2026-04-24,待核实,,,,,,,https://www1.hkexnews.hk/app/sehk/2026/108468/documents/sehk26042403975.pdf,https://www1.hkexnews.hk/app/sehk/2026/108468/documents/sehk26042403974_c.pdf,
108464,北京质肽生物医药科技股份有限公司 - B,"Beijing QL Biopharmaceutical Co., Ltd - B",主板,AP,2026-04-24,,2026-04-24,待核实,,,,,,,https://www1.hkexnews.hk/app/sehk/2026/108464/documents/sehk26042404195.pdf,https://www1.hkexnews.hk/app/sehk/2026/108464/documents/sehk26042404194_c.pdf,
108432,苏州天孚光通信股份有限公司,"Suzhou TFC Optical Communication Co., Ltd.",主板,AP,2026-04-10,,2026-04-23,待核实,,,,,,,https://www1.hkexnews.hk/app/sehk/2026/108432/documents/sehk26041000707.pdf,https://www1.hkexnews.hk/app/sehk/2026/108432/documents/sehk26041000706_c.pdf,
108459,伊卡路斯（苏州）科技股份有限公司,"JVS (Suzhou) Technologies Co., Ltd.",主板,AP,2026-04-23,,2026-04-23,待核实,,,,,,,https://www1.hkexnews.hk/app/sehk/2026/108459/documents/sehk26042302879.pdf,https://www1.hkexnews.hk/app/sehk/2026/108459/documents/sehk26042302878_c.pdf,
108456,北京圆心科技集团股份有限公司,"Beijing Yuanxin Technology Group Co., Ltd.",主板,AP,2026-04-22,,2026-04-22,待核实,,,,,,,https://www1.hkexnews.hk/app/sehk/2026/108456/documents/sehk26042200306.pdf,https://www1.hkexnews.hk/app/sehk/2026/108456/documents/sehk26042200305_c.pdf,
108457,湖南明珠矿用化工科技股份有限公司,"Hunan Mingzhu Mining Chemical Technology Co., Ltd.",主板,AP,2026-04-22,,2026-04-22,待核实,,,,,,,https://www1.hkexnews.hk/app/sehk/2026/108457/documents/sehk26042201933.pdf,https://www1.hkexnews.hk/app/sehk/2026/108457/documents/sehk26042201932_c.pdf,
108454,InxMed Limited - B,InxMed Limited - B,主板,AP,2026-04-21,,2026-04-21,待核实,,,,,,,https://www1.hkexnews.hk/app/sehk/2026/108454/documents/sehk26042100868.pdf,https://www1.hkexnews.hk/app/sehk/2026/108454/documents/sehk26042100867_c.pdf,
108455,佳都科技集团股份有限公司,"PCI Technology Group Co., Ltd.",主板,AP,2026-04-21,,2026-04-21,待核实,,,,,,,https://www1.hkexnews.hk/app/sehk/2026/108455/documents/sehk26042101751.pdf,https://www1.hkexnews.hk/app/sehk/2026/108455/documents/sehk26042101750_c.pdf,
108452,微脉公司,WeiMai Inc.,主板,AP,2026-04-20,,2026-04-20,待核实,,,,,,,https://www1.hkexnews.hk/app/sehk/2026/108452/documents/sehk26042001783.pdf,https://www1.hkexnews.hk/app/sehk/2026/108452/documents/sehk26042001782_c.pdf,
108453,武汉帝尔激光科技股份有限公司,"Wuhan DR Laser Technology Corp., Ltd",主板,AP,2026-04-20,,2026-04-20,待核实,,,,,,,https://www1.hkexnews.hk/app/sehk/2026/108453/documents/sehk26042001857.pdf,https://www1.hkexnews.hk/app/sehk/2026/108453/documents/sehk26042001856_c.pdf,
108450,首创证券股份有限公司,Capital Securities Corporation Limited,主板,AP,2026-04-17,,2026-04-17,待核实,,,,,,,https://www1.hkexnews.hk/app/sehk/2026/108450/documents/sehk26041701684.pdf,https://www1.hkexnews.hk/app/sehk/2026/108450/documents/sehk26041701683_c.pdf,
108408,Casstime Holdings Ltd.,Casstime Holdings Ltd.,主板,AP,2026-04-02,,2026-04-16,待核实,,,,,,,https://www1.hkexnews.hk/app/sehk/2026/108408/documents/sehk26040203409.pdf,https://www1.hkexnews.hk/app/sehk/2026/108408/documents/sehk26040203408_c.pdf,
108401,苏州天华新能源科技股份有限公司,Suzhou Canmax Technologies Limited,主板,AP,2026-04-02,,2026-04-16,待核实,,,,,,,https://www1.hkexnews.hk/app/sehk/2026/108401/documents/sehk26040202349.pdf,https://www1.hkexnews.hk/app/sehk/2026/108401/documents/sehk26040202348_c.pdf,
108449,珠海精实测控技术股份有限公司,"PRM Technology Co., Ltd.",主板,AP,2026-04-16,,2026-04-16,待核实,,,,,,,https://www1.hkexnews.hk/app/sehk/2026/108449/documents/sehk26041601833.pdf,https://www1.hkexnews.hk/app/sehk/2026/108449/documents/sehk26041601832_c.pdf,
108410,武汉滨会生物科技股份有限公司 - B,"Binhui Biopharmaceutical Co., Ltd. - B",主板,AP,2026-04-02,,2026-04-16,待核实,,,,,,,https://www1.hkexnews.hk/app/sehk/2026/108410/documents/sehk26040203645.pdf,https://www1.hkexnews.hk/app/sehk/2026/108410/documents/sehk26040203644_c.pdf,
108447,安诺优达基因科技（北京）股份有限公司,"Annoroad Gene Technology (Beijing) Co., Ltd.",主板,AP,2026-04-15,,2026-04-15,待核实,,,,,,,https://www1.hkexnews.hk/app/sehk/2026/108447/documents/sehk26041501617.pdf,https://www1.hkexnews.hk/app/sehk/2026/108447/documents/sehk26041501616_c.pdf,
108392,芯原微电子（上海）股份有限公司,"VeriSilicon Microelectronics (Shanghai) Co., Ltd.",主板,AP,2026-04-01,,2026-04-14,待核实,,,,,,,https://www1.hkexnews.hk/app/sehk/2026/108392/documents/sehk26040104033.pdf,https://www1.hkexnews.hk/app/sehk/2026/108392/documents/sehk26040104032_c.pdf,
108441,暖哇洞察科技有限公司,Nova Insight Technology Limited,主板,AP,2026-04-13,,2026-04-13,待核实,,,,,,,https://www1.hkexnews.hk/app/sehk/2026/108441/documents/sehk26041301037.pdf,https://www1.hkexnews.hk/app/sehk/2026/108441/documents/sehk26041301036_c.pdf,
108437,惠州市德赛西威汽车电子股份有限公司,"Huizhou Desay SV Automotive Co., Ltd.",主板,AP,2026-04-12,,2026-04-12,待核实,,,,,,,https://www1.hkexnews.hk/app/sehk/2026/108437/documents/sehk26041200164.pdf,https://www1.hkexnews.hk/app/sehk/2026/108437/documents/sehk26041200163.pdf,
108439,宜品营养科技(青岛)集团股份有限公司,"Yeeper Nutrition Technology (Qingdao) Group Co., Ltd.",主板,AP,2026-04-12,,2026-04-12,待核实,,,,,,,https://www1.hkexnews.hk/app/sehk/2026/108439/documents/sehk26041200178.pdf,https://www1.hkexnews.hk/app/sehk/2026/108439/documents/sehk26041200177_c.pdf,
108433,四川好医生云医疗科技集团股份有限公司,"Good Doctor Cloud Healthcare & Technology Group Co., Ltd.",主板,AP,2026-04-10,,2026-04-10,待核实,,,,,,,https://www1.hkexnews.hk/app/sehk/2026/108433/documents/sehk26041001334.pdf,https://www1.hkexnews.hk/app/sehk/2026/108433/documents/sehk26041001333_c.pdf,
108434,深圳华付技术股份有限公司,"Shenzhen Huafu Technology Co., Ltd.",主板,AP,2026-04-10,,2026-04-10,待核实,,,,,,,https://www1.hkexnews.hk/app/sehk/2026/108434/documents/sehk26041001574.pdf,https://www1.hkexnews.hk/app/sehk/2026/108434/documents/sehk26041001573.pdf,
108435,珠海宝丰堂半导体股份有限公司,"Boffotto Semiconductor Co., Ltd.",主板,AP,2026-04-10,,2026-04-10,待核实,,,,,,,https://www1.hkexnews.hk/app/sehk/2026/108435/documents/sehk26041001586.pdf,https://www1.hkexnews.hk/app/sehk/2026/108435/documents/sehk26041001585_c.pdf,
108429,清陶(昆山)能源发展集团股份有限公司,"Qingtao (Kunshan) Energy Development Group Co., Ltd.",主板,AP,2026-04-08,,2026-04-08,待核实,,,,,,,https://www1.hkexnews.hk/app/sehk/2026/108429/documents/sehk26040800244.pdf,https://www1.hkexnews.hk/app/sehk/2026/108429/documents/sehk26040800243.pdf,
108389,Sirius Therapeutics - B,Sirius Therapeutics - B,主板,AP,2026-03-31,,2026-04-08,待核实,,,,,,,https://www1.hkexnews.hk/app/sehk/2026/108389/documents/sehk26033104398.pdf,https://www1.hkexnews.hk/app/sehk/2026/108389/documents/sehk26033104397_c.pdf,
108326,陕西源杰半导体科技股份有限公司,"Yuanjie Semiconductor Technology Co., Ltd.",主板,AP,2026-03-25,,2026-04-07,待核实,,,,,,,https://www1.hkexnews.hk/app/sehk/2026/108326/documents/sehk26032500810.pdf,https://www1.hkexnews.hk/app/sehk/2026/108326/documents/sehk26032500809.pdf,
108428,武汉艾米森生命科技股份有限公司 - B,"Wuhan Ammunition Life-tech Co., Ltd. - B",主板,AP,2026-04-07,,2026-04-07,待核实,,,,,,,https://www1.hkexnews.hk/app/sehk/2026/108428/documents/sehk26040700274.pdf,https://www1.hkexnews.hk/app/sehk/2026/108428/documents/sehk26040700273_c.pdf,
108403,安擎计算机信息股份有限公司,"Enginetech Computer Co., Ltd.",主板,AP,2026-04-02,,2026-04-02,待核实,,,,,,,https://www1.hkexnews.hk/app/sehk/2026/108403/documents/sehk26040202801.pdf,https://www1.hkexnews.hk/app/sehk/2026/108403/documents/sehk26040202800_c.pdf,
108404,苏州和林微纳科技股份有限公司,"Suzhou UIGreen Micro&Nano Technologies Co., Ltd.",主板,AP,2026-04-02,,2026-04-02,待核实,,,,,,,https://www1.hkexnews.hk/app/sehk/2026/108404/documents/sehk26040202893.pdf,https://www1.hkexnews.hk/app/sehk/2026/108404/documents/sehk26040202892_c.pdf,
108405,新希望乳业股份有限公司,"New Hope Dairy Co., Ltd.",主板,AP,2026-04-02,,2026-04-02,待核实,,,,,,,https://www1.hkexnews.hk/app/sehk/2026/108405/documents/sehk26040203143.pdf,https://www1.hkexnews.hk/app/sehk/2026/108405/documents/sehk26040203142.pdf,
108407,浙江毛源昌眼镜股份有限公司,"Zhejiang Maoyuanchang Eyewear Co., Ltd.",主板,AP,2026-04-02,,2026-04-02,待核实,,,,,,,https://www1.hkexnews.hk/app/sehk/2026/108407/documents/sehk26040203315.pdf,https://www1.hkexnews.hk/app/sehk/2026/108407/documents/sehk26040203314_c.pdf,
108412,上海汇伦医药股份有限公司,"Shanghai Huilun Pharmaceutical Co., Ltd.",主板,AP,2026-04-02,,2026-04-02,待核实,,,,,,,https://www1.hkexnews.hk/app/sehk/2026/108412/documents/sehk26040203667.pdf,https://www1.hkexnews.hk/app/sehk/2026/108412/documents/sehk26040203666_c.pdf,
108414,广东潮宏基实业股份有限公司,"Guangdong CHJ Industry Co., Ltd.",主板,AP,2026-04-02,,2026-04-02,待核实,,,,,,,https://www1.hkexnews.hk/app/sehk/2026/108414/documents/sehk26040203883.pdf,https://www1.hkexnews.hk/app/sehk/2026/108414/documents/sehk26040203882_c.pdf,
108415,深圳市锐明技术股份有限公司,"Streamax Technology Co., Ltd.",主板,AP,2026-04-02,,2026-04-02,待核实,,,,,,,https://www1.hkexnews.hk/app/sehk/2026/108415/documents/sehk26040203973.pdf,https://www1.hkexnews.hk/app/sehk/2026/108415/documents/sehk26040203972_c.pdf,
108391,米连科技有限公司,Milian Technology Inc.,主板,AP,2026-04-01,,2026-04-01,待核实,,,,,,,https://www1.hkexnews.hk/app/sehk/2026/108391/documents/sehk26040103901.pdf,https://www1.hkexnews.hk/app/sehk/2026/108391/documents/sehk26040103900_c.pdf,
108393,石大胜华新材料集团股份有限公司,"Shida Shinghwa Advanced Material Group Co., Ltd.",主板,AP,2026-04-01,,2026-04-01,待核实,,,,,,,https://www1.hkexnews.hk/app/sehk/2026/108393/documents/sehk26040104159.pdf,https://www1.hkexnews.hk/app/sehk/2026/108393/documents/sehk26040104158_c.pdf,
108397,深圳宜美智科技股份有限公司,"Shenzhen Image Technology Co., Ltd.",主板,AP,2026-04-01,,2026-04-01,待核实,,,,,,,https://www1.hkexnews.hk/app/sehk/2026/108397/documents/sehk26040104509.pdf,https://www1.hkexnews.hk/app/sehk/2026/108397/documents/sehk26040104508_c.pdf,
108374,常州微亿智造科技股份有限公司,"Changzhou Microintelligence Co., Ltd",主板,AP,2026-03-31,,2026-03-31,待核实,,,,,,,https://www1.hkexnews.hk/app/sehk/2026/108374/documents/sehk26033100290.pdf,https://www1.hkexnews.hk/app/sehk/2026/108374/documents/sehk26033100289_c.pdf,
108370,中微半导体（ 深圳）股份有限公司,CHINA MICRO SEMICON (SHENZHEN) LIMITED,主板,AP,2026-03-30,,2026-03-31,待核实,,,,,,,https://www1.hkexnews.hk/app/sehk/2026/108370/documents/sehk26033003883.pdf,https://www1.hkexnews.hk/app/sehk/2026/108370/documents/sehk26033003882_c.pdf,
108376,合肥优艾智合机器人股份有限公司,"Hefei Youibot Robotics Co., Ltd.",主板,AP,2026-03-31,,2026-03-31,待核实,,,,,,,https://www1.hkexnews.hk/app/sehk/2026/108376/documents/sehk26033101714.pdf,https://www1.hkexnews.hk/app/sehk/2026/108376/documents/sehk26033101713_c.pdf,
108378,宁波拓普集团股份有限公司,"Ningbo Tuopu Group Co., Ltd.",主板,AP,2026-03-31,,2026-03-31,待核实,,,,,,,https://www1.hkexnews.hk/app/sehk/2026/108378/documents/sehk26033102184.pdf,https://www1.hkexnews.hk/app/sehk/2026/108378/documents/sehk26033102183_c.pdf,
108377,昆山玛冀电子股份有限公司,"Kunshan MAZO Tech Co., Ltd.",主板,AP,2026-03-31,,2026-03-31,待核实,,,,,,,https://www1.hkexnews.hk/app/sehk/2026/108377/documents/sehk26033102752.pdf,https://www1.hkexnews.hk/app/sehk/2026/108377/documents/sehk26033102751.pdf,
108381,瑶芯微（上海）电子科技股份有限公司,Alkaidsemi (Shanghai) Technologies Corporation,主板,AP,2026-03-31,,2026-03-31,待核实,,,,,,,https://www1.hkexnews.hk/app/sehk/2026/108381/documents/sehk26033103112.pdf,https://www1.hkexnews.hk/app/sehk/2026/108381/documents/sehk26033103111_c.pdf,
108379,焦点国际有限公司,FOCUS INTERNATIONAL GROUP LTD.,主板,AP,2026-03-31,,2026-03-31,待核实,,,,,,,https://www1.hkexnews.hk/app/sehk/2026/108379/documents/sehk26033103502.pdf,https://www1.hkexnews.hk/app/sehk/2026/108379/documents/sehk26033103501.pdf,
108384,TOP TOY International Group Limited,TOP TOY International Group Limited,主板,AP,2026-03-31,,2026-03-31,待核实,,,,,,,https://www1.hkexnews.hk/app/sehk/2026/108384/documents/sehk26033103586.pdf,https://www1.hkexnews.hk/app/sehk/2026/108384/documents/sehk26033103585_c.pdf,
108385,深圳市晶存科技股份有限公司,"Rayson HI-TECH(SZ) Co., Ltd.",主板,AP,2026-03-31,,2026-03-31,待核实,,,,,,,https://www1.hkexnews.hk/app/sehk/2026/108385/documents/sehk26033103768.pdf,https://www1.hkexnews.hk/app/sehk/2026/108385/documents/sehk26033103767_c.pdf,
108387,北京数聚智连科技股份有限公司,"Beijing Data Intelink Technology Co., Ltd.",主板,AP,2026-03-31,,2026-03-31,待核实,,,,,,,https://www1.hkexnews.hk/app/sehk/2026/108387/documents/sehk26033104148.pdf,https://www1.hkexnews.hk/app/sehk/2026/108387/documents/sehk26033104147_c.pdf,
108368,昆山万源通电子科技股份有限公司,"Kunshan Wanyuantong Electronics Technology Co., Ltd.",主板,AP,2026-03-30,,2026-03-30,待核实,,,,,,,https://www1.hkexnews.hk/app/sehk/2026/108368/documents/sehk26033000687.pdf,https://www1.hkexnews.hk/app/sehk/2026/108368/documents/sehk26033000686_c.pdf,
108313,上海璞泰来新能源科技集团股份有限公司,"Shanghai Putailai New Energy Technology Group Co., Ltd.",主板,AP,2026-03-16,,2026-03-30,待核实,,,,,,,https://www1.hkexnews.hk/app/sehk/2026/108313/documents/sehk26031602057.pdf,https://www1.hkexnews.hk/app/sehk/2026/108313/documents/sehk26031602056_c.pdf,
108372,福建万辰食品集团股份有限公司 (前称为福建万辰生物科技集团股份有限公司),"FUJIAN WANCHEN FOOD GROUP CO., LTD. (Formerly known as FUJIAN WANCHEN BIOTECHNOLOGY GROUP CO., LTD.)",主板,AP,2026-03-30,,2026-03-30,待核实,,,,,,,https://www1.hkexnews.hk/app/sehk/2026/108372/documents/sehk26033004159.pdf,https://www1.hkexnews.hk/app/sehk/2026/108372/documents/sehk26033004158_c.pdf,
108367,中茵微电子(北京)股份有限公司,"Joinsilicon Microelectronics (Beijing) Co., Ltd.",主板,AP,2026-03-29,,2026-03-29,待核实,,,,,,,https://www1.hkexnews.hk/app/sehk/2026/108367/documents/sehk26032900730.pdf,https://www1.hkexnews.hk/app/sehk/2026/108367/documents/sehk26032900729_c.pdf,
108338,山金国际黄金股份有限公司,"Shanjin International Gold Co., Ltd.",主板,AP,2026-03-27,,2026-03-27,待核实,,,,,,,https://www1.hkexnews.hk/app/sehk/2026/108338/documents/sehk26032700634.pdf,https://www1.hkexnews.hk/app/sehk/2026/108338/documents/sehk26032700633.pdf,
108341,星宸科技股份有限公司,SigmaStar Technology Ltd.,主板,AP,2026-03-27,,2026-03-27,待核实,,,,,,,https://www1.hkexnews.hk/app/sehk/2026/108341/documents/sehk26032702407.pdf,https://www1.hkexnews.hk/app/sehk/2026/108341/documents/sehk26032702406_c.pdf,
108342,随手播集团公司,Easylive Group Inc.,主板,AP,2026-03-27,,2026-03-27,待核实,,,,,,,https://www1.hkexnews.hk/app/sehk/2026/108342/documents/sehk26032703683.pdf,https://www1.hkexnews.hk/app/sehk/2026/108342/documents/sehk26032703682.pdf,
108343,北京高能时代环境技术股份有限公司,"Beijing GeoEnviron Engineering & Technology, Inc.",主板,AP,2026-03-27,,2026-03-27,待核实,,,,,,,https://www1.hkexnews.hk/app/sehk/2026/108343/documents/sehk26032703919.pdf,https://www1.hkexnews.hk/app/sehk/2026/108343/documents/sehk26032703918.pdf,
108346,上海锦江国际酒店股份有限公司,"Shanghai Jin Jiang International Hotels Co., Ltd.",主板,AP,2026-03-27,,2026-03-27,待核实,,,,,,,https://www1.hkexnews.hk/app/sehk/2026/108346/documents/sehk26032704137.pdf,https://www1.hkexnews.hk/app/sehk/2026/108346/documents/sehk26032704136_c.pdf,
108332,易点天下网络科技股份有限公司,"Easy Click Worldwide Network Technology Co., Ltd.",主板,AP,2026-03-26,,2026-03-26,待核实,,,,,,,https://www1.hkexnews.hk/app/sehk/2026/108332/documents/sehk26032600137.pdf,https://www1.hkexnews.hk/app/sehk/2026/108332/documents/sehk26032600136_c.pdf,
108333,双林股份有限公司,"Shuanglin Co., Ltd.",主板,AP,2026-03-26,,2026-03-26,待核实,,,,,,,https://www1.hkexnews.hk/app/sehk/2026/108333/documents/sehk26032601489.pdf,https://www1.hkexnews.hk/app/sehk/2026/108333/documents/sehk26032601488_c.pdf,
108334,四维智联(南京)科技股份有限公司,"AutoAI (Nanjing) Technology Co., Ltd.",主板,AP,2026-03-26,,2026-03-26,待核实,,,,,,,https://www1.hkexnews.hk/app/sehk/2026/108334/documents/sehk26032602243.pdf,https://www1.hkexnews.hk/app/sehk/2026/108334/documents/sehk26032602242_c.pdf,
108325,浙江可胜技术股份有限公司,"Cosin Solar Technology Co., Ltd.",主板,AP,2026-03-24,,2026-03-24,待核实,,,,,,,https://www1.hkexnews.hk/app/sehk/2026/108325/documents/sehk26032401823.pdf,https://www1.hkexnews.hk/app/sehk/2026/108325/documents/sehk26032401822.pdf,
108322,杭州先为达生物科技股份有限公司 - B,"Hangzhou Sciwind Biosciences Co., Ltd. - B",主板,AP,2026-03-23,,2026-03-23,待核实,,,,,,,https://www1.hkexnews.hk/app/sehk/2026/108322/documents/sehk26032301281.pdf,https://www1.hkexnews.hk/app/sehk/2026/108322/documents/sehk26032301280_c.pdf,
108324,深圳承泰科技股份有限公司,"Shenzhen Cheng-Tech Co., Ltd.",主板,AP,2026-03-23,,2026-03-23,待核实,,,,,,,https://www1.hkexnews.hk/app/sehk/2026/108324/documents/sehk26032301807.pdf,https://www1.hkexnews.hk/app/sehk/2026/108324/documents/sehk26032301806_c.pdf,
108320,杭州新元素药业股份有限公司 - B,"Atom Therapeutics Co., Ltd. - B",主板,AP,2026-03-20,,2026-03-20,待核实,,,,,,,https://www1.hkexnews.hk/app/sehk/2026/108320/documents/sehk26032001843.pdf,https://www1.hkexnews.hk/app/sehk/2026/108320/documents/sehk26032001842_c.pdf,
108316,斑马智能信息技术股份有限公司,Banma Intelligence Group,主板,AP,2026-03-18,,2026-03-18,待核实,,,,,,,https://www1.hkexnews.hk/app/sehk/2026/108316/documents/sehk26031800038.pdf,https://www1.hkexnews.hk/app/sehk/2026/108316/documents/sehk26031800037_c.pdf,
108315,上海爱科百发生物医药技术股份有限公司 - B,"Shanghai Ark Biopharmaceutical Co., Ltd. - B",主板,AP,2026-03-17,,2026-03-17,待核实,,,,,,,https://www1.hkexnews.hk/app/sehk/2026/108315/documents/sehk26031701661.pdf,https://www1.hkexnews.hk/app/sehk/2026/108315/documents/sehk26031701660_c.pdf,
108311,SmartMore Inc.,SmartMore Inc.,主板,AP,2026-03-16,,2026-03-16,待核实,,,,,,,https://www1.hkexnews.hk/app/sehk/2026/108311/documents/sehk26031600232.pdf,https://www1.hkexnews.hk/app/sehk/2026/108311/documents/sehk26031600231_c.pdf,
108306,Hope Sea Inc.,Hope Sea Inc.,主板,AP,2026-03-15,,2026-03-15,待核实,,,,,,,https://www1.hkexnews.hk/app/sehk/2026/108306/documents/sehk26031500054.pdf,https://www1.hkexnews.hk/app/sehk/2026/108306/documents/sehk26031500053_c.pdf,
108290,圣火科技集团有限公司,Holyfire Technology Group Limited,主板,AP,2026-03-13,,2026-03-13,待核实,,,,,,,https://www1.hkexnews.hk/app/sehk/2026/108290/documents/sehk26031301894.pdf,https://www1.hkexnews.hk/app/sehk/2026/108290/documents/sehk26031301893.pdf,
108259,Radvance Cayman Limited,Radvance Cayman Limited,主板,AP,2026-02-27,,2026-03-13,待核实,,,,,,,https://www1.hkexnews.hk/app/sehk/2026/108259/documents/sehk26022702275.pdf,https://www1.hkexnews.hk/app/sehk/2026/108259/documents/sehk26022702274_c.pdf,
108255,北京五和博澳药业股份有限公司 - B,"Beijing Wehand-Bio Pharmaceutical Co., Ltd. - B",主板,AP,2026-02-27,,2026-03-12,待核实,,,,,,,https://www1.hkexnews.hk/app/sehk/2026/108255/documents/sehk26022702543.pdf,https://www1.hkexnews.hk/app/sehk/2026/108255/documents/sehk26022702542_c.pdf,
108266,华明电力装备股份有限公司,"Huaming Power Equipment Co., Ltd.",主板,AP,2026-03-06,,2026-03-06,待核实,,,,,,,https://www1.hkexnews.hk/app/sehk/2026/108266/documents/sehk26030600646.pdf,https://www1.hkexnews.hk/app/sehk/2026/108266/documents/sehk26030600645_c.pdf,
108256,卧龙电气驱动集团股份有限公司,"WOLONG ELECTRIC GROUP CO., LTD.",主板,AP,2026-02-27,,2026-02-27,待核实,,,,,,,https://www1.hkexnews.hk/app/sehk/2026/108256/documents/sehk26022701885.pdf,https://www1.hkexnews.hk/app/sehk/2026/108256/documents/sehk26022701884_c.pdf,
108257,Huge Dental Limited,Huge Dental Limited,主板,AP,2026-02-27,,2026-02-27,待核实,,,,,,,https://www1.hkexnews.hk/app/sehk/2026/108257/documents/sehk26022701969.pdf,https://www1.hkexnews.hk/app/sehk/2026/108257/documents/sehk26022701968_c.pdf,
108260,中文在线集团股份有限公司,"COL Global Co., Ltd.",主板,AP,2026-02-27,,2026-02-27,待核实,,,,,,,https://www1.hkexnews.hk/app/sehk/2026/108260/documents/sehk26022702475.pdf,https://www1.hkexnews.hk/app/sehk/2026/108260/documents/sehk26022702474_c.pdf,
108252,青岛特锐德电气股份有限公司,"Qingdao TGOOD Electric Co., Ltd.",主板,AP,2026-02-26,,2026-02-26,待核实,,,,,,,https://www1.hkexnews.hk/app/sehk/2026/108252/documents/sehk26022601054.pdf,https://www1.hkexnews.hk/app/sehk/2026/108252/documents/sehk26022601053_c.pdf,
107796,思卓基础设施私募资本开放式基金公司,SIMCo Infrastructure Private Credit OFC,主板,AP,2025-10-17,,2025-10-17,待核实,,,,,,,https://www1.hkexnews.hk/app/sehk/2025/107796/documents/sehk25101701817.pdf,https://www1.hkexnews.hk/app/sehk/2025/107796/documents/sehk25101701816_c.pdf,
